document;left context;formula;;;unique;count
popov_zhizn;Девушка - Привлекательная девушка,;22-ух лет;;;всего уникальных формул: 248;
popov_zhizn;И на этом пока всё. Итоги дня подведём в 22:30. В студии работал ваш любимый (с натянутой улыбкой) Евгений Панов... 	 И Алиса Быкова. 	 ;до встречи в эфире;;;35.6% всех формул;
popov_zhizn;До встречи в эфире. С Евгения и Алисы сбросилось напряжение и сосредоточенность. 	 Фуух....Сегодня немного времени ушло на эфир.  	;ну и;;;да;60
popov_zhizn;Сегодня немного времени ушло на эфир.  	 Ну и ;хорошо;;;нет;40
popov_zhizn;Сегодня немного времени ушло на эфир.  	 Ну и хорошо. Для меня и пять минут уже невыносимо. 	 ;слава богу;;;ну;39
popov_zhizn;Слава богу, политических новостей было мало. Думаю зрителям понравится. Они- то привыкли, когда мы вещаем о политике и войнах. Наверняка это их уже бесит. 	 ;а это чем лучше;;;что;31
popov_zhizn;Или...Евгений куражится по ночным клубам... 	 (с досадой) Можешь не напоминать мне про это? 	 ;прости;;;так;26
popov_zhizn;Меня достало быть знаменитым. Все вокруг следят за тобой. Обсуждают и осуждают меня.  	 ;ну;;;конечно;18
popov_zhizn;А мне уже нет. Евгений собирался уже выйти из этой аудитории, но к ним зашёл Шеф. 	 Ребята, вы ,;конечно;;;ну и;14
popov_zhizn;Ты ему пока не говори. Вероятно, он будет заменён на другого ведущего. На Смирнова, например, который в последнее время усерден. 	 ;зачем;;;отлично;12
popov_zhizn;Например: Ходит за безобидными покупателями в надежде, что те попытаются хоть что-нибудь украсть или наоборот для того, чтобы помочь им.  	 Пакет какой? Большой? Маленький? 	 ;ну как видите;;;эх;10
popov_zhizn;Покупательница берёт с кассы мелкую упаковку жвачек и докладывает её. 	 И это ещё. 	 Хоспади. Милочка... 	 ;что;;;спасибо;10
popov_zhizn;Испачкала мне всё тут пылью от картошки. Сама заверну. (достаёт пакетик и складывает туда сетку картошки) 	 Вам виднее. 	 ;конечно;;;а;10
popov_zhizn;Я ж тут уже сколько работаю? Думаешь ты одна такая? Вечно эти молодые упрутся куда-то и сидишь тут.  	 ;простите;;;хмм;9
popov_zhizn;Взяв колбасу кассирша встала из-за кассы и пошла проверять ценник к витрине с колбасами. Фёдор не много был смущённым из-за своего неловкого положения. 	 Не обращайте внимания. Она сейчас быстро вернётся. 	 ;вот дела;;;вот и;9
popov_zhizn;А ценника тут нет! Это же на другую колбасу. Опять не повесили, чтоль? 	 ;ну так;;;всё;8
popov_zhizn;А ценника тут нет! Это же на другую колбасу. Опять не повесили, чтоль? 	 Ну так, ;я же говорил;;;хорошо;8
popov_zhizn;Ценник, где? Не получив обратной связи, кассирша  пошла на склад. Покупательница держалась от Фёдора отстранено и не оборачивалась к нему, так как его навязчивая поддержка, делала его ещё более странным.   	 ;кстати;;;ладно;8
popov_zhizn;Покупательница держалась от Фёдора отстранено и не оборачивалась к нему, так как его навязчивая поддержка, делала его ещё более странным.   	 Кстати. У нас в универсаме, если в вашем чеке выйдет больше тысячи рублей, то вам предоставляется скидка. В размере одного процента. 	 ;ясно;;;ах;7
popov_zhizn;Немного времени царила тишина, так как Фёдор хотел чем-нибудь помочь, но не смог придумать, как это сделать. Кассирша вновь вернулась на своё место. Помимо этой колбасы в руках у неё появилась ещё и другая. 	 ;короче;;;ясно;7
popov_zhizn;Помимо этой колбасы в руках у неё появилась ещё и другая. 	 Короче. На эту колбасу нет никакой акции. У них названия одинаковые... 	 ;ну;;;привет;7
popov_zhizn;Давайте оставим всё, как есть. А то мне кажется, что это будет надолго. Я и так, задерживаюсь. 	 ;ну;;;как и;7
popov_zhizn;Давайте оставим всё, как есть. А то мне кажется, что это будет надолго. Я и так, задерживаюсь. 	 Ну, ;как хочешь;;;кстати;7
popov_zhizn;Хоспади. Тут же штрих-кода то нет. (Фёдору) Глянь! Изодранный какой-то. 	 ;а;;;себе;6
popov_zhizn;Тут же штрих-кода то нет. (Фёдору) Глянь! Изодранный какой-то. 	 А. ;ну да;;;ик;5
popov_zhizn;Ну да. И правда. 	 Пойду, другой пакет принесу тогда. 	 ;ну уж нет;;;ты чего;5
popov_zhizn;Ну да. И правда. 	 Пойду, другой пакет принесу тогда. 	 Ну уж нет. ;не надо;;;давай;5
popov_zhizn;Пойду, другой пакет принесу тогда. 	 Ну уж нет. Не надо. Давайте просто уберём его. 	 ;ну тогда;;;здравствуйте;5
popov_zhizn;Ну уж нет. Не надо. Давайте просто уберём его. 	 Ну тогда, ;всё;;;в смысле;5
popov_zhizn;Ну тогда, всё. С вас девятьсот двадцать три рубля и 40 копеек. 	 (Протягивает деньги)Вот. 	 А карточка скидочная от нашего магазина у вас есть? 	 ;нет;;;сейчас;4
popov_zhizn;А карточка скидочная от нашего магазина у вас есть? 	 Нет. 	 А завести её не хотите? Я вам могу оформить. 	 ;спасибо;;;а что;4
popov_zhizn;Нет. 	 А завести её не хотите? Я вам могу оформить. 	 Спасибо. ;не надо;;;чего;4
popov_zhizn;Не надо. 	 А двадцать три сорок у вас будет? Чтобы я вам стольник дала. 	 У меня нет мелочи. 	 ;спасибо;;;мм;4
popov_zhizn;А в это время Фёдор увидел привлекательную девушку, которая не могла определится с выбором на витрине. Фёдор устремился к ней. 	 Вам помочь? 	 А вы можете? 	 ;конечно;;;не;4
popov_zhizn;Они же дорогие. Не могу позволить себе промах. Вдруг возьму, а они мне не понравятся и я их выброшу. В итоге деньги просто так потрачу. 	 ;так;;;хватит;4
popov_zhizn;Вдруг возьму, а они мне не понравятся и я их выброшу. В итоге деньги просто так потрачу. 	 Так...Дайте глянуть.  	 ;видите;;;ну так;4
popov_zhizn;А вот эти (указывая на другую пачку) Они прямо тают во рту. Вам понравятся. Уверен. Берите эти не пожалеете.  	 ;что;;;ты о чём;3
popov_zhizn;деревянный вкус какой-то. Вот и выкинул их сразу в мусор. Тем временем из склада появляется Администратор и направляется к Фёдору.  	 ;хорошо;;;о;3
popov_zhizn;Вот. Помочь решил. 	 (к девушке) Вам помочь, чем-нибудь?  	 ;вроде;;;наверное;3
popov_zhizn;Вроде, уже помогли. Разобрались. 	 Федь, ты кто? 	 ;в смысле;;;ух;3
popov_zhizn;Разобрались. 	 Федь, ты кто? 	 В смысле? 	 Ты контролёр!;вот и;;;хм;3
popov_zhizn;Иди давай работай, я сама здесь помогу. Фёдор расстроено вернулся к месту рядом с кассой. И пока администратор консультировала девушку, он пытался поговорить с кассиршей, которая разгадывала сканворд. 	 Почему так всегда? 	 ;что так;;;понятно;3
popov_zhizn;Дай мне отдохнуть, пока покупатели не подошли. 	 И это по твоему отдых? 	 Вот, у тебя есть работа? 	 ;ну;;;зачем;3
popov_zhizn;Дай мне отдохнуть, пока покупатели не подошли. 	 И это по твоему отдых? 	 Вот, у тебя есть работа? 	 Ну..;да;;;это хорошо;3
popov_zhizn;И это по твоему отдых? 	 Вот, у тебя есть работа? 	 Ну...Да 	;вот и;;;так-с;3
popov_zhizn;В это время к кассе подошла та самая девушка. Печенье у неё было уже совсем другое, видимо по консультации администратора. Молча пробив товар, она вышла из магазина, даже ни разу не взглянув на Фёдора. 	 ;эх;;;продолжай;3
popov_zhizn;Так же на столе был установлен компьютер с большим монитором, который контролирует работу всех оборудований в лаборатории. Рядом с ним находится робот. Он выглядит, как привлекательная девушка 26ти лет и не разговаривает. 	 ;так;;;да-да;3
popov_zhizn;Рядом с ним находится робот. Он выглядит, как привлекательная девушка 26ти лет и не разговаривает. 	 Так...Ещё одну щепотку. ;отлично;;;как;3
popov_zhizn;Ведь бутерброд с жирной красной рыбкой повышает интеллектуальный потенциал и поддерживает его на протяжении всего дня...(с удовольствием ест бутерброд)А всё потому, что...лосось содержит необходимый мозгу компонент докозагексаеновой кислоты*, который имеет первостепенное значение для развития и поддержания работы нейронов мозга. Вкусно...;спасибо;;;в самом деле;3
popov_zhizn;Учёный включил прибор и принялся настраивать и подготавливать его к работе. При включении этот прибор издавал длительный неприятный для слуха шум. Работа прибора сопровождалась попискиванием датчиков. 	 (увлеченно работает за компьютером);так;;;правильно;3
popov_zhizn;который транслировал видео из камер установленных с наружи лаборатории. Убедившись в подлинности учёный на мгновенье слегка запаниковал.  	 ;так;;;жаль;3
popov_zhizn;Убедившись в подлинности учёный на мгновенье слегка запаниковал.  	 Так...;так;;;не волнуйся;3
popov_zhizn;Профессор, открывайте. Вы же видите, что это я. Долго я тут буду стоять? 	 (нажав кнопку на компьютере);сейчас;;;точно;3
popov_zhizn;Вы же видите, что это я. Долго я тут буду стоять? 	 (нажав кнопку на компьютере)Сейчас, ;сейчас;;;всё хорошо;3
popov_zhizn;Одну минуту. Голос из динамика. Жду...Вы там голый? 	 (;себе;;;прошу;3
popov_zhizn;Голос из динамика. Жду...Вы там голый? 	 (себе) ;да уж;;;а то;3
popov_zhizn;Жду...Вы там голый? 	 (себе) Да уж. ;конечно голый;;;ох;3
popov_zhizn;Сейчас же! Не дай бог он тебя увидит. Робот спешно удаляется в другой отсек лаборатории. Учёный ещё раз оглядывается вокруг. 	 ;ну вроде;;;скажем;2
popov_zhizn;Не дай бог он тебя увидит. Робот спешно удаляется в другой отсек лаборатории. Учёный ещё раз оглядывается вокруг. 	 Ну вроде..;всё;;;я не знаю;2
popov_zhizn;В лабораторию входит Фролов. Он одет в дорогой классический костюм. 	 Приветствую вас, Профессор. 	 ;д-да;;;как что;2
popov_zhizn;Он одет в дорогой классический костюм. 	 Приветствую вас, Профессор. 	 Д-да...я тоже вас приветствую. 	 ;что;;;так же;2
popov_zhizn;Д-да...я тоже вас приветствую. 	 Что - то не так? 	 ;в смысле;;;погодите-ка;2
popov_zhizn;я тоже вас приветствую. 	 Что - то не так? 	 В смысле? 	 Вы какой-то напряженный. 	 ;нет;;;извините;2
popov_zhizn;Что - то не так? 	 В смысле? 	 Вы какой-то напряженный. 	 Нет, ;нет;;;простите;2
popov_zhizn;В смысле? 	 Вы какой-то напряженный. 	 Нет, нет. ;что вы;;;видишь;2
popov_zhizn;Нет, нет. Что вы? Всё отлично, замечательно. 	 Я надеюсь это вы о своей работе? 	 ;ну;;;алло;2
popov_zhizn;Что вы? Всё отлично, замечательно. 	 Я надеюсь это вы о своей работе? 	 Ну, ;конечно;;;как никак;2
popov_zhizn;Я надеюсь это вы о своей работе? 	 Ну, конечно. 	 (смотрит на стол с контейнерами) Вы получили товар...Так ведь? 	 ;да;;;не надо;2
popov_zhizn;Ну, конечно. 	 (смотрит на стол с контейнерами) Вы получили товар...Так ведь? 	 Да...;конечно;;;что вы;2
popov_zhizn;Вам же присылали десять камней. А здесь девять. Где ещё один? 	 (переживая) ;ну;;;ты что;2
popov_zhizn;А здесь девять. Где ещё один? 	 (переживая) Ну...;так;;;и что;2
popov_zhizn;Так...как раз...Я начинаю...его испытывать. 	 ;ясно;;;а это;2
popov_zhizn;Учёный всё-таки. 	 Вы просили. Мы предоставили. А теперь ждём скорейших результатов. 	 ;да;;;какого;2
popov_zhizn;Вы просили. Мы предоставили. А теперь ждём скорейших результатов. 	 Да. ;на самом деле;;;ну тогда;2
popov_zhizn;Наши конструкторы уже ждут обещанные ингредиенты, которые вы приготовите для них. Времени становится всё меньше...(замечает огромный прибор)А это что? Я этого у вас раньше не замечал. 	 ;да;;;ну да;2
popov_zhizn;Времени становится всё меньше...(замечает огромный прибор)А это что? Я этого у вас раньше не замечал. 	 Да...;так;;;действительно;2
popov_zhizn;Для чего он? 	 Вот...как раз. Для наших общих целей. 	 ;отлично;;;прости;2
popov_zhizn;как раз. Для наших общих целей. 	 Отлично...Так на чём я остановился? ;ах;;;и что же;2
popov_zhizn;Дело остаётся лишь за вами... 	 Я понял. Я не подведу вас. 	 Лаборатория вас устраивает? 	 ;да;;;ну вот;2
popov_zhizn;Я не подведу вас. 	 Лаборатория вас устраивает? 	 Да. Вполне. 	 ;так;;;так и;2
popov_zhizn;К изучению прекрасных наук и открытий, которые будут полезны для человечества. Времени нет. (прервался) Что это у тебя? Робот держал в своих руках красный женский шарф.  ;ах;;;именно;2
popov_zhizn;Времени нет. (прервался) Что это у тебя? Робот держал в своих руках красный женский шарф.  Ах, ;да;;;ну же;2
popov_zhizn;Не мешай. Моего эльфа сейчас убьют. 	 Ну целыми днями сидишь, то в компьютере, то в телефоне. 	 ;ну блиииин;;;хах;2
popov_zhizn;Все же дети в школу ходят. И потом ещё и гуляют. 	 Всех на машине довозят вообще-то. А у нас нет машины. 	 ;ну что же поделать;;;ну это;2
popov_zhizn;Ну что же поделать? Нет у нас машины. Возможно скоро будет. Не заработал папа на машину. 	 ;ну вот;;;пожалуйста;2
popov_zhizn;Не заработал папа на машину. 	 Ну вот. Вопрос исчерпан. 	 (удивлённо) ;что;;;заткнись;2
popov_zhizn;Сейчас ужинать будем. Илья уходит мыть руки. Татьяна разложила ужин по тарелкам. В квартиру заходит Фёдор открывая дверь ключами. 	 ;привет любимая;;;что это;2
popov_zhizn;Илья уходит мыть руки. Татьяна разложила ужин по тарелкам. В квартиру заходит Фёдор открывая дверь ключами. 	 Привет любимая. 	 ;привет;;;наконец-то;2
popov_zhizn;Привет любимая. 	 Привет, раздевайся ужин готов. Фёдор приобнял сзади Татьяну, пока та раскладывала столовые приборы.  	 Что ты делаешь Федь? 	 ;а что;;;ой;2
popov_zhizn;Я не могу обнять любимую жёнушку? 	 Илья же тут. 	  Когда Илюша заснёт предлагаю, нам кое чем заняться. 	 ;ты чего;;;эй;2
popov_zhizn;Я не могу обнять любимую жёнушку? 	 Илья же тут. 	  Когда Илюша заснёт предлагаю, нам кое чем заняться. 	 Ты чего? ;хватит;;;вот видишь;2
popov_zhizn;Илья же тут. 	  Когда Илюша заснёт предлагаю, нам кое чем заняться. 	 Ты чего? Хватит. 	 ;эх;;;верно;1
popov_zhizn;Забыл...всё по расписанию 	 Лучше иди мой руки и проверь, как там малыш? 	 Уже иду. Появляется Илья. 	;а вот и;;;да как ты смеешь;1
popov_zhizn;Уже иду. Появляется Илья. 	 А вот и наш воин.  	 ;привет;;;ну как видите;1
popov_zhizn;Всех врагов истребил? 	 Всех истребил бы, если не мама. Помешала мне. И моего эльфа убили.  	 ;ну ничего;;;как дела;1
popov_zhizn;И моего эльфа убили.  	 Ну ничего, Илюха. Всё будет нормально. Я потом помогу тебе пройти. 	 ;о;;;это да;1
popov_zhizn;Ну ничего, Илюха. Всё будет нормально. Я потом помогу тебе пройти. 	 О, ;спасибо;;;да почему бы и;1
popov_zhizn;Я потом помогу тебе пройти. 	 О, спасибо, Пап. Не то, что мама. 	 ;ешь давай;;;до встречи в эфире;1
popov_zhizn;Нужно будет захватывать замок. 	 Опять ты о своей игре. Фёдор вернулся и сел за ужин. 	 Как малыш? 	 ;вроде хорошо;;;представьте;1
popov_zhizn;Давай договоримся. Ты сейчас не будешь спешить. А я тогда на выходных тебе помогу, в твоей игре. У меня как раз послезавтра выходной. 	 ;отлично;;;то что хотят;1
popov_zhizn;Уже договорились. Или ты хочешь, чтобы она опять картошкой не поделилась? Илья в спешке доедает и уходит в комнату. 	 ;эх;;;как же так;1
popov_zhizn;Уже договорились. Или ты хочешь, чтобы она опять картошкой не поделилась? Илья в спешке доедает и уходит в комнату. 	 Эх...;ну ладно;;;ну ты;1
popov_zhizn;Ну ладно. 	 Да и не забудь, завтра перед работой сходить к Илье в школу. У них там, какое то собрание. 	 Так у меня же смена. 	 ;ну позвони оповести;;;ну так чини;1
popov_zhizn;Пусть подменят или как там у вас делается. Ни я же пойду. 	 Постараюсь. 	 Не постараюсь, ;а точно;;;что значит прорычала;1
popov_zhizn;И было слышно, как он его успокаивает. Спустя некоторое время Фёдор на руках с малышом возвращается к супруге. Вместе с ним приходит Илья. 	 Ну что ты плачешь мой хороший. ;вот смотри;;;до того;1
popov_zhizn;Сегодня попросили написать сочинение, на тему семейного отдыха. Я написал о том, когда мы три года назад отдыхали в деревне. Помнишь? Когда ты меня в футбол учил играть. 	 ;эх;;;вот как значит;1
popov_zhizn;Я написал о том, когда мы три года назад отдыхали в деревне. Помнишь? Когда ты меня в футбол учил играть. 	 Эх...;конечно;;;какой;1
popov_zhizn;Когда ты меня в футбол учил играть. 	 Эх...Конечно, помню. 	 Мне за это пятёрку поставили. 	 ;да;;;что так;1
popov_zhizn;Дай пять. Фёдор отдал пять своему сыну. После чего Илья вновь достал телефон, раскинулся в кресле и принялся играть. 	 ;эх;;;ну эти;1
popov_zhizn;Эх...Сейчас бы расслабится. Помнишь, как раньше, Танюш? Времена были... 	 ;ну хватит;;;уж извольте;1
popov_zhizn;Ты меня просто жгла... 	 Здесь вообще - то Илюша. 	 А теперь рутина. 	 Тебе что-то не нравится? 	 ;не;;;удивительно;1
popov_zhizn;А теперь рутина. 	 Тебе что-то не нравится? 	 Не, что ты. ;всё хорошо;;;проблемы;1
popov_zhizn;просто...ностальгия 	 Ностальгист...У нас кран в ванной протекает. Почини лучше. 	 ;сейчас;;;ну позвони оповести;1
popov_zhizn;У нас кран в ванной протекает. Почини лучше. 	 Сейчас, только еда в животе уляжется. ;отлично;;;не перебивать;1
popov_zhizn;Почини лучше. 	 Сейчас, только еда в животе уляжется. Отлично, малыш уснул. 	 Да и ;кстати;;;прекрасно;1
popov_zhizn;Сейчас, только еда в животе уляжется. Отлично, малыш уснул. 	 Да и кстати. В понедельник нужно будет съездить к сестре. 	 ;зачем;;;подумаешь;1
popov_zhizn;Она же меня не переваривает. А как помочь, так сразу я. 	 Федь, она же девушка она не справиться. 	;как и;;;ну продолж;1
popov_zhizn;Она же меня не переваривает. А как помочь, так сразу я. 	 Федь, она же девушка она не справиться. 	 Как и ;всегда;;;что жена;1
popov_zhizn;Тише...тише...малыш проснётся. 	 Ну а чего ты бред несёшь? 	 ;эх;;;да что ж такое;1
popov_zhizn;малыш проснётся. 	 Ну а чего ты бред несёшь? 	 Эх... 	(внезапно с радостью) ;да;;;и откуда это;1
popov_zhizn;Ну а чего ты бред несёшь? 	 Эх... 	(внезапно с радостью) Да! 	 ;чему радуешься;;;молчи;1
popov_zhizn;Эх... 	(внезапно с радостью) Да! 	 Чему радуешься, Илюх? 	 У меня появился меч дракона. 	 ;о;;;не знаю;1
popov_zhizn;(внезапно с радостью) Да! 	 Чему радуешься, Илюх? 	 У меня появился меч дракона. 	 О. ;это хорошо;;;а вот и;1
popov_zhizn;О. Это хорошо. Какой дракон то был, большой? Огнём дышал? 	 ;нет;;;ну наверное;1
popov_zhizn;Он так называется. Он не связан ни с каким драконом. Я победил воина Борадина. И он отдал мне свой меч. 	 ;ясно;;;подождите;1
popov_zhizn;Недавно по телевизору видел фильм с драконом. Не помню, как он называется. Он был просто огромен и огнём дышал. Буквально пару дней назад. 	 ;кстати;;;ну вообще;1
popov_zhizn;Кстати. Сегодня по новостям показывали, что учёные нашли астероиды какие - то. Правда, Мам? 	 ;ну вообще;;;и ещё;1
popov_zhizn;Сегодня по новостям показывали, что учёные нашли астероиды какие - то. Правда, Мам? 	 Ну вообще - то сказали метеориты. ;вроде как;;;конечно же можно;1
popov_zhizn;Сегодня по новостям показывали, что учёные нашли астероиды какие - то. Правда, Мам? 	 Ну вообще - то сказали метеориты. Вроде как. 	 ;хм;;;верно мыслите;1
popov_zhizn;Правда, Мам? 	 Ну вообще - то сказали метеориты. Вроде как. 	 Хм...;интересно;;;да пошли вы;1
popov_zhizn;Они летают в космосе. 	 Круто! Прямо с космоса, к нам падают? 	 ;да;;;пфф;1
popov_zhizn;Прямо с космоса, к нам падают? 	 Да. Прямо с космоса. 	 Когда же ты такой умный стал? 	 ;в смысле;;;а точно;1
popov_zhizn;Когда же ты такой умный стал? 	 В смысле? 	 Наш папа может ошибаться, ведь он не учёный и не космонавт. 	 ;а что;;;вот смотри;1
popov_zhizn;Для этого обязательно нужно быть космонавтом? 	 Я образно. 	 Что я теперь не имею права в собственном доме, своё мнение высказать? 	 ;что;;;это отлично;1
popov_zhizn;По середине комнаты имеются небольшой столик и диванчик. Евгений не спешно собирается домой. Алиса стоит перед зеркалом делая вид, что готовится к очередному выпуску. 	 Что будешь сейчас делать? 	 ;а тебе то;;;что именно;1
popov_zhizn;Евгений не спешно собирается домой. Алиса стоит перед зеркалом делая вид, что готовится к очередному выпуску. 	 Что будешь сейчас делать? 	 А тебе то, ;что;;;неужели;1
popov_zhizn;Алиса стоит перед зеркалом делая вид, что готовится к очередному выпуску. 	 Что будешь сейчас делать? 	 А тебе то, что? 	 ;да;;;сколько можно;1
popov_zhizn;Алиса стоит перед зеркалом делая вид, что готовится к очередному выпуску. 	 Что будешь сейчас делать? 	 А тебе то, что? 	 Да...;нет;;;вроде как;1
popov_zhizn;Я и сам, знаю что мне делать. 	 Думаю хоть какая-то моральная поддержка тебе не помешает. 	 Хватит из себя строить мать Терезу. Ведёшь себя так, ;будто тебе не плевать;;;ну придумай;1
popov_zhizn;Ведёшь себя так, будто тебе не плевать, на других...а на самом деле...прикрываешь своё... 	 Я серьёзно пытаюсь... 	 ;хватит;;;конечно же;1
popov_zhizn;Моя работа. Я же не брошу, её. Мне приходится зарабатывать, тем, что я умею. Чтобы было на что жить. 	 ;да;;;вроде;1
popov_zhizn;(задумчиво) И мне... 	 Тебе не обязательно быть таким конфликтным. Шефа уже это настораживает... В комнату входит Смирнов. 	 ;ну;;;да неужели;1
popov_zhizn;Я всегда готова. 	 Как я выгляжу? 	 Нормально. 	 (смотрит на себя в зеркало;как и;;;чему радуешься;1
popov_zhizn;Для меня да, но не для тебя. 	 Для ведущих. 	 Для ведущих центральных новостей! 	 Для ведущих всех новостей! 	 ;молчи;;;почему же;1
popov_zhizn;Пародия на ведущего! Смирнов достаёт в одном из шкафчиков свою куртку и показывает Евгению. Алиса не пытается остановить словесные перепалки Евгения, потому что так происходит довольно часто. Она привыкла отстранённо наблюдать. 	 ;а это;;;а ну молчи;1
popov_zhizn;Смирнов достаёт в одном из шкафчиков свою куртку и показывает Евгению. Алиса не пытается остановить словесные перепалки Евгения, потому что так происходит довольно часто. Она привыкла отстранённо наблюдать. 	 А это, ;тогда что;;;что тебе это даст;1
popov_zhizn;А это, тогда что? 	 Что ты суешь эту тряпку мне в нос? 	 Вообще-то это моя куртка, от "Карло Скоцареллы!" 	;ну и;;;да согласись;1
popov_zhizn;А это, тогда что? 	 Что ты суешь эту тряпку мне в нос? 	 Вообще-то это моя куртка, от "Карло Скоцареллы!" 	 Ну и ;что;;;как же там;1
popov_zhizn;Что ты суешь эту тряпку мне в нос? 	 Вообще-то это моя куртка, от "Карло Скоцареллы!" 	 Ну и что? 	 ;а то;;;как сказать;1
popov_zhizn;Надеюсь, когда я окажусь на твоём месте ты заберёшь свои слова обратно. 	 Никогда! 	 (Алисе) И как ты только его терпишь? И работаешь с ним? 	 ;так;;;здорово;1
popov_zhizn;Никогда! 	 (Алисе) И как ты только его терпишь? И работаешь с ним? 	 Так,;вот и;;;как хочешь;1
popov_zhizn;Да с тобой же, никто работать не может. 	 Со мной? Алиса, тебе со мной плохо работается? 	 ;ну;;;какого чёрта;1
popov_zhizn;Со мной? Алиса, тебе со мной плохо работается? 	 Ну... 	 (перебивая) ;вот видишь;;;короче;1
popov_zhizn;(перебивая) Вот видишь? Всё её устраивает. Кого там ещё не устраивает? 	 Меня, ;скажем;;;ты дурак;1
popov_zhizn;Павлин!  Я на твоих новостях засыпаю в прямом смысле этого слова! 	 Он мне об этом говорит каждый день. Как можно с таким человеком в одном помещении находится? 	;ну так и;;;ничего;1
popov_zhizn;Я на твоих новостях засыпаю в прямом смысле этого слова! 	 Он мне об этом говорит каждый день. Как можно с таким человеком в одном помещении находится? 	 Ну так и ;не находись;;;ау;1
popov_zhizn;Он мне об этом говорит каждый день. Как можно с таким человеком в одном помещении находится? 	 Ну так и не находись. Вали отсюда! 	 ;нет;;;привет любимая;1
popov_zhizn;Ты же собирался уходить...вот и уходи. А нам ещё работать сегодня. 	 Уйду! ;не волнуйся;;;хорошо что спросили;1
popov_zhizn;Я вообще не похож на крысу! Я ухожен, приятен и прекрасно веду новости. 	 Крысёныш, убеждай себя в том, что ты лучший. Мы все знаем правду. 	 ;ну может;;;спасибо большое;1
popov_zhizn;И так каждый день. Одни оскорбления. А раньше ты совсем иначе относился и к работе и ко... 	 У тебя по-моему скоро эфир?;вот и;;;ну я же;1
popov_zhizn;Одни оскорбления. А раньше ты совсем иначе относился и к работе и ко... 	 У тебя по-моему скоро эфир? Вот и н;не;;;какие;1
popov_zhizn;как и всегда. 	 ;эх;;;нет уж;1
popov_zhizn;всегда. 	 Эх...;жаль;;;это факт;1
popov_zhizn;а мог бы провести это время с толком и подлизать ему, как и всегда. 	 Эх...Жаль, Шеф не слышат этих слов. 	 ;жаль;;;а то и;1
popov_zhizn;а мог бы провести это время с толком и подлизать ему, как и всегда. 	 Эх...Жаль, Шеф не слышат этих слов. 	 Жаль, ;конечно;;;молодец;1
popov_zhizn;Эх...Жаль, Шеф не слышат этих слов. 	 Жаль, конечно, ;жаль;;;как скажешь;1
popov_zhizn;Жаль, Шеф не слышат этих слов. 	 Жаль, конечно, жаль... 	 И вообще он сказал, что если ты продолжишь вести новости в своей не охотной манере, ещё раз и он тебя понизит до корреспондента. 	 ;что;;;ну что;1
popov_zhizn;Жаль, Шеф не слышат этих слов. 	 Жаль, конечно, жаль... 	 И вообще он сказал, что если ты продолжишь вести новости в своей не охотной манере, ещё раз и он тебя понизит до корреспондента. 	 Что? 	 ;да;;;ну молодцы;1
popov_zhizn;Жаль, конечно, жаль... 	 И вообще он сказал, что если ты продолжишь вести новости в своей не охотной манере, ещё раз и он тебя понизит до корреспондента. 	 Что? 	 Да, ;да;;;так что;1
popov_zhizn;Если ты и после этого не сделаешь свою работу то он тебя уволит.(с улыбкой на лице) Ха! Чао! Гудбай! ;до свиданья;;;не дёргайтесь;1
popov_zhizn;Что за бред? Весь город с ума сошёл что-ли? Сдались всем эти псевдо-метеориты? 	 А я буду ведущим вместо тебя. 	 ;да пошли вы;;;на самом деле;1
popov_zhizn;Так ему и надо. Бесит уже. Не я первый начал. 	 А я ничего и ;не говорю;;;ну блиииин;1
popov_zhizn;Почему? Я ведь старался... В бар входит Евгений на нём накинут капюшон, но явно не из-за того, что на улице дождь. Не снимая капюшона он подходит к бармену. 	 ;гхм;;;видите;1
popov_zhizn;Не снимая капюшона он подходит к бармену. 	 Гхм. 	 На улице сегодня так и льёт, ;да;;;иди;1
popov_zhizn;Не надо ничего плескать. Сразу две бутылки давай. 	 Две бутылки пива?  	 Виски. 	 ;какого;;;пока;1
popov_zhizn;Принесите, что-нибудь не более восьми градусов. 	 Минуту. Бармен приносит профессору большую кружку пива. Марцев старается пить его очень медленно. 	 ;спасибо;;;сколько;1
popov_zhizn;Он не оглядывается по сторонам и идёт чисто по инерции глядя в пол. Чуть не дойдя до барной стойки он приподнимает голову и замечает Панова. Депрессивное состояние Фёдора сменяется любопытством и он тут же устремился к нему за столик. 	 ;погодите-ка;;;ух ты;1
popov_zhizn;Депрессивное состояние Фёдора сменяется любопытством и он тут же устремился к нему за столик. 	 Погодите-ка. Я вас знаю. Евгений молча пьёт рюмку. 	 ;да-да;;;а почему нет;1
popov_zhizn;Это я вам. 	(басом)Ты обознался, мужик. Чеши, отсюда 	 ;нет;;;ещё что-то;1
popov_zhizn;(громким шёпотом)Тише, ты! Хватит, кричать. 	 (шёпотом)Почему? 	 Отвали от меня. ;пожалуйста;;;тебе;1
popov_zhizn;Хватит, кричать. 	 (шёпотом)Почему? 	 Отвали от меня. Пожалуйста. ;прошу;;;интересно;1
popov_zhizn;(шёпотом)Почему? 	 Отвали от меня. Пожалуйста. Прошу. 	 ;нет уж;;;либо ещё что;1
popov_zhizn;Я к вам сяду? 	 Иди отсюда. Я ж тебе сказал. Не лезь. 	 ;нет;;;давай без;1
popov_zhizn;А если не сяду, то тогда начну орать вовсю глотку...на весь бар...Что здесь сидит и выпивает популярный ведущий. 	 ;ладно;;;вот же;1
popov_zhizn;А если не сяду, то тогда начну орать вовсю глотку...на весь бар...Что здесь сидит и выпивает популярный ведущий. 	 Ладно, ;ладно;;;ты что делаешь;1
popov_zhizn;Ладно, ладно. (снова шёпотом)Садись, давай быстрей! Только не кричи! 	 (присаживаясь);так;;;да уж;1
popov_zhizn;или где вы там пьёте? Евгений не отвечает и снова "глушит" рюмку. 	 Я понял. Меня опять не слушают. ;да что ж такое;;;ну ладно;1
popov_zhizn;Отдай мне. 	 Не отдам! (наливает и пьет ещё) Евгений пытается выхватить рюмку, но безуспешно.  	 Отдай говорю! 	 ;нет;;;ну так и;1
popov_zhizn;Не отдам! (наливает и пьет ещё) Евгений пытается выхватить рюмку, но безуспешно.  	 Отдай говорю! 	 Нет! 	 ;ладно;;;так не бывает;1
popov_zhizn;(наливает и пьет ещё) Евгений пытается выхватить рюмку, но безуспешно.  	 Отдай говорю! 	 Нет! 	 Ладно, ;ладно;;;ну так что;1
popov_zhizn;Нет! 	 Ладно, ладно. Что ты хочешь от меня? 	 Поговорить. 	 ;ах;;;и всего;1
popov_zhizn;Ладно, ладно. Что ты хочешь от меня? 	 Поговорить. 	 Ах...;да;;;что делать;1
popov_zhizn;Хочешь послушать меня? Как и все? Вам лишь бы я строчил и строчил своим ртом без умолку, да? 	 Эмм. 	 ;что;;;стоп;1
popov_zhizn;Вам лишь бы я строчил и строчил своим ртом без умолку, да? 	 Эмм. 	 Что? 	 Вы наверное много уже выпили? 	 ;нет;;;слава богу;1
popov_zhizn;Нет. Это только разогрев. 	 Да у вас тут огромная бутылка виски пустая стоит. И в другой половина осталась. 	 ;конечно;;;а это чем лучше;1
popov_zhizn;Да у вас тут огромная бутылка виски пустая стоит. И в другой половина осталась. 	 Конечно. Ты же выпил у меня,;вот и;;;я конечно;1
popov_zhizn;И в другой половина осталась. 	 Конечно. Ты же выпил у меня, вот и осталось столько. 	 ;ну;;;ну ничего;1
popov_zhizn;Ты что от меня хочешь? 	 Можно я с вами выпью. Мой кошелёк у жены. 	 Рюмку возьми у бармена.  	 ;хорошо;;;ты о чем;1
popov_zhizn;Рюмку возьми у бармена.  	 Хорошо. Фёдор берёт у бармена рюмку и возвращается за столик. 	 Наливай, ;себе;;;тогда что;1
popov_zhizn;Наливай, себе. Что смотришь? Не я же тебе наливать, буду.  	 (наливает себе) ;спасибо;;;не говорю;1
popov_zhizn;Не я же тебе наливать, буду.  	 (наливает себе) Спасибо, вам 	 И давай без вы. Ты же старше меня, у тебя это на морде твоей написано. 	 ;ну;;;вроде хорошо;1
popov_zhizn;(наливает себе) Спасибо, вам 	 И давай без вы. Ты же старше меня, у тебя это на морде твоей написано. 	 Ну. Разве вы ведущие не разговариваете по этикету? 	 ;чего;;;ешь давай;1
popov_zhizn;Чего? 	 Не обращайте внимания. Будем считать, что я ничего не сказал. 	 Я же сказал, д;давай без;;;да починил;1
popov_zhizn;Наверное красавицы так и вешаются на тебя? 	 С какой стороны посмотреть. 	 Работа просто ужас, с радостью ушёл бы оттуда. 	 И я про то же. 	 ;ну;;;не находись;1
popov_zhizn;(машет купюрами)Эти тупорылые бумажки. Всё из-за них. Они всему виной причина. 	 А вас что не устраивает. ;ой;;;вот дела;1
popov_zhizn;Всё из-за них. Они всему виной причина. 	 А вас что не устраивает. Ой. ;в смысле;;;конечно можно;1
popov_zhizn;В смысле, тебя. 	 Достало всё. А что не понятно, почему я в капюшоне сижу? 	 ;да;;;за то;1
popov_zhizn;Достало всё. А что не понятно, почему я в капюшоне сижу? 	 Да, это я понял. 	 Я же на самом деле хочу умиротворения. 	 ;чего;;;ну может;1
popov_zhizn;Да, это я понял. 	 Я же на самом деле хочу умиротворения. 	 Чего? 	 Умирот...;ик;;;хех;1
popov_zhizn;Я же на самом деле хочу умиротворения. 	 Чего? 	 Умирот...ик...;ик;;;так в этом;1
popov_zhizn;Умирот...ик...ик...Забудь. 	 ;не знаю;;;ага;1
popov_zhizn;Евгений обращает внимание Фёдора на телевизор. По которому в этот момент идёт выпуск новостей со Смирновым и Алисой. 	 Крысёныш. Метит на моё место пред...;ик;;;ну вроде;1
popov_zhizn;Вы же звезда. Вас не снимут с новостей. А этого, ведущего я что-то не особо припоминаю.  	 ;так;;;ну хватит;1
popov_zhizn;В ближайшее время, скорее всего мы сможем оповестить вас, что из этого выйдет. По множествам слухов эти камни обладают поистине необычайными свойствами. 	 Опять...Этот бред...;ик;;;я же говорил;1
popov_zhizn;А по-моему это не бред.  Бармен переключает на футбол. Фёдор одевает капюшон на Евгения, но тот не поддаётся и тут же его снимает. 	 ;ты что делаешь;;;точно выучил;1
popov_zhizn;Надо выпить. Лей. Фёдор заполняет две рюмки. 	 Выпьем за людей. ;за то;;;и вот;1
popov_zhizn;Нет, ну это надо же. Все верят в эту чепуху! Кто-то пустил слух, что эти метеориты, могут чудеса творить.  	 ;ну;;;всегда;1
popov_zhizn;кучка учёных надеется сохранить свой статус и доказать, что они что-то разрабатывают...вот и придумывают истории и отправляют их на телевидение. 	 Прямо так и придумывают? 	 ;ну наверное;;;ну вот и;1
popov_zhizn;Ты же не можешь этого знать. Ты же их не видел. Интересно на них посмотреть. 	 Поверь мне я уже не первый год работаю на телевидении. 	 ;ну;;;а мне;1
popov_zhizn;Ты же их не видел. Интересно на них посмотреть. 	 Поверь мне я уже не первый год работаю на телевидении. 	 Ну, ;так;;;как же это так;1
popov_zhizn;ну эти...какие-то там утюги вроде навороченные или что-то там вроде этого. 	 А ты откуда вылез такой якобы умный? 	 Я просто вспоминаю. 	 ;ну молодцы;;;конечно голый;1
popov_zhizn;Сам посуди, наверняка что бы получать какой-то финансовый доход, они начинают придумывать всякую чушь. Если они так вечно будут за бесплатно помогать людям, они обанкротятся и всё. И начинают придумывать что эти камни могут (с иронией)изменить нашу жизнь. 	;так и;;;будто тебе не плевать;1
popov_zhizn;И начинают придумывать что эти камни могут (с иронией)изменить нашу жизнь. 	 Так и есть. Они изменят вашу жизнь.  	 Ты кто такой? 	 ;извините;;;всё отлично;1
popov_zhizn;Ты кто такой? 	 Извините. Я совершенно случайно услышал ваш разговор, поскольку мой столик находится всего в нескольких метрах от вашего. 	;ну и;;;и;1
popov_zhizn;Меня зовут, Фёдор. А его... 	 Он знает, что ему говорить. 	 ;почему же;;;фу;1
popov_zhizn;Если честно. То редко. 	 И кто же в нашем до тупости скучном городке не смотрит новости? 	 Профессор Марцев. 	 ;ух;;;я имею ввиду сейчас;1
popov_zhizn;Профессор Марцев. 	 Ух...как звучит...профессор! 	 ;в самом деле;;;ну что же поделать;1
popov_zhizn;Ух...как звучит...профессор! 	 В самом деле? ;здорово;;;боже;1
popov_zhizn;другом.  	 Вы о камнях что ли? 	 О них самых. Можно задать вам вопрос? 	 ;конечно;;;а дальше что;1
popov_zhizn;Конечно. 	 Вы никогда не хотели помочь науке? Градус ещё больше даёт в голову Евгению и Фёдору. 	 ;ну это;;;что это ты;1
popov_zhizn;Конечно. 	 Вы никогда не хотели помочь науке? Градус ещё больше даёт в голову Евгению и Фёдору. 	 Ну это, ;как сказать;;;аа;1
popov_zhizn;Градус ещё больше даёт в голову Евгению и Фёдору. 	 Ну это, как сказать. (предлагает виски) Будете? 	 ;ох;;;пока нет;1
popov_zhizn;Градус ещё больше даёт в голову Евгению и Фёдору. 	 Ну это, как сказать. (предлагает виски) Будете? 	 Ох, ;нет;;;что ясно;1
popov_zhizn;Ну это, как сказать. (предлагает виски) Будете? 	 Ох, нет, ;нет;;;ну замок;1
popov_zhizn;Ну это, как сказать. (предлагает виски) Будете? 	 Ох, нет, нет. На сегодня моя норма превышена. 	 ;ясно;;;я же говорю;1
popov_zhizn;На сегодня моя норма превышена. 	 Ясно. На чём мы там остановились? 	 Ну ты ему сказал...;ик;;;гхм;1
popov_zhizn;ик...будет он пить или нет. 	 На помощи для науки я полагаю. 	 Я всегда хотел достичь большего чем смог добиться в этой жизни. 	 ;да;;;представьте себе;1
popov_zhizn;разрешить ваш спор. 	 Какой спор? 	 Вы же беседовали о камнях, я полагаю? 	 ;да;;;как зачем;1
popov_zhizn;Во-первых...сможете помочь науке...Во вторых...сможете увидеть эти камни. 	 ;хмм;;;всё хватит;1
popov_zhizn;Евгений и Фёдор осматриваются в лаборатории в ожидании профессора. В руках у Евгения видеокамера. 	 Столько оборудования. Невероятно. 	 ;подумаешь;;;вот подожди;1
popov_zhizn;Подумаешь...Главное что бы от этих приборов была польза.  Из соседней комнаты появляется профессор в руках с контейнерами. 	 Я же сказал руками ничего не трогать! 	 ;извините;;;нет же;1
popov_zhizn;Из соседней комнаты появляется профессор в руках с контейнерами. 	 Я же сказал руками ничего не трогать! 	 Извините, профессор. 	 ;так-с;;;ну а почему бы и;1
popov_zhizn;Извините, профессор. 	 Так-с. (кладёт контейнеры на стол) 	 Они там? 	 ;именно;;;д-да;1
popov_zhizn;(кладёт контейнеры на стол) 	 Они там? 	 Именно. (открывает контейнеры) 	 Это они? ;хмм;;;ну уж нет;1
popov_zhizn;(кладёт контейнеры на стол) 	 Они там? 	 Именно. (открывает контейнеры) 	 Это они? Хмм... 	 ;как видите;;;как видите;1
popov_zhizn;Хмм... 	 Как видите. Фёдор берёт один из камней и рассматривает. 	 ;действительно;;;что ещё;1
popov_zhizn;Просто предполагаю. Потому, что выглядят они необычно. Марцев выхватывает камень и кладёт его обратно. 	 Они нам ещё понадобятся. 	;ну и;;;а тебе то;1
popov_zhizn;Потому, что выглядят они необычно. Марцев выхватывает камень и кладёт его обратно. 	 Они нам ещё понадобятся. 	 Ну и ;что;;;22-ух лет;1
popov_zhizn;А ты не говорил, что ты здесь не один...(роботу)Дамочка, а вы здесь на полставки? 	 Не приставайте к моему роботу. 	 Робот?! 	 ;да;;;ну ты даёшь;1
popov_zhizn;Не приставайте к моему роботу. 	 Робот?! 	 Да. 	 Невероятно, ;в самом деле;;;что ж поделать;1
popov_zhizn;Фёдор и Евгений пристально разглядывают робота. 	 Выглядит, как настоящая. 	 (нервно)Робота, не снимать! 	 ;да;;;;
popov_zhizn;Это не обходимо. 	 Разве вы, учёные, не записываете свои опыты? 	 Записываем, но это отдельный случай. 	 ;как скажешь;;;;
popov_zhizn;Я не для того, отключал все камеры в лаборатории, чтобы всё испортить. Евгений кладёт камеру на стол, но не выключает её специально. 	 Одевайте. 	 Это ещё зачем? 	 ;что это;;;;
popov_zhizn;И зачем они? 	 Когда оденете увидите. Вы же просили чудес. Будут вам чудеса. 	 ;хмм;;;;
popov_zhizn;Марцев идёт за свой компьютер и активирует работу своего П12. Следом достаёт один камень из контейнера и передаёт роботу, для того, чтобы она опустила его в специальное отверстие этого громадного блока. Евгений и Фёдор сидят в шлемах на стульях в ожидании действий профессора. 	 ;так-с;;;;
popov_zhizn;Евгений и Фёдор сидят в шлемах на стульях в ожидании действий профессора. 	 Так-с. Все датчики в порядке и исправны. Дело остаётся за малым. 	 ;ну что;;;;
popov_zhizn;Робот удаляется для варки кофе. Небольшая пауза. 	 Готово! 	 Уже все? 	;ну и;;;;
popov_zhizn;Сейчас сами всё увидите. Далее зрители наблюдают телепатическую связь между Евгением и Фёдором. Их мысли слышат только они и зритель. Мысль Евгения.;ну и;;;;
popov_zhizn;Мысль Евгения. И стоило мне только связаться с этими... 	 (удивлённо)По-моему я что-то слышу... 	 (счастливо улыбаясь) ;верно;;;;
popov_zhizn;(счастливо улыбаясь) Верно... Мысль Евгения. Он с ума сходит что ли? Мысль Фёдора. ;нет;;;;
popov_zhizn;Он с ума сходит что ли? Мысль Фёдора. Нет. 	 Я не схожу с ума! 	 ;что;;;;
popov_zhizn;Я не схожу с ума! 	 Что? Мысль Евгения. Это что сейчас было? 	 ;да;;;;
popov_zhizn;Что? Мысль Евгения. Это что сейчас было? 	 Да, ;да;;;;
popov_zhizn;Мысль Евгения. Это что сейчас было? 	 Да, да, ;да;;;;
popov_zhizn;Какой-то бред. Мысль Фёдора. Вовсе не бред. Я слышу о чём ты думаешь. 	 ;как;;;;
popov_zhizn;Вовсе не бред. Я слышу о чём ты думаешь. 	 Как? Мысль Евгения. ;как;;;;
popov_zhizn;Я слышу о чём ты думаешь. 	 Как? Мысль Евгения. Как? 	 ;отлично;;;;
popov_zhizn;Все показатели в норме. Блестяще. Разумы соединены. Мысль Фёдора. ;удивительно;;;;
popov_zhizn;Мысль Евгения. Может быть я напился? И мне это кажется? Мысль Фёдора. ;так;;;;
popov_zhizn;Может быть я напился? И мне это кажется? Мысль Фёдора. Так. ;стоп;;;;
popov_zhizn;Он примет меня за извращенца. Чёрт. Он же слышит...  Мысль Евгения. ;что;;;;
popov_zhizn;Мысль Евгения. Что? Что ты исполняешь? Мысль Фёдора. ;так;;;;
popov_zhizn;Дай мне собраться с мыслями. Я говорю или не говорю. Что я вообще творю? Робот приносит кофе профессору. 	 ;спасибо;;;;
popov_zhizn;Я говорю или не говорю. Что я вообще творю? Робот приносит кофе профессору. 	 Спасибо. ;иди;;;;
popov_zhizn;Наведи там порядок. Робот уходит. 	 (выдыхая) Фуух... Мысль Фёдора. ;так;;;;
popov_zhizn;Поэтому, достаточно просто обращаться друг к другу и не будем путаться. Мысль Евгения. Наверняка. Мысль Фёдора. ;привет;;;;
popov_zhizn;Наверняка. Мысль Фёдора. Привет.  Мысль Евгения. ;ты дурак;;;;
popov_zhizn;А меня никак не зовут. Я безымянный. С чего я вообще должен представляться этому слабоумному и играть в этот спектакль? Мысль Фёдора. ;эй;;;;
popov_zhizn;Мысль Фёдора. Эй. Не забывай, я всё слыыышууу. Мысль Евгения. ;ах;;;;
popov_zhizn;Эй. Не забывай, я всё слыыышууу. Мысль Евгения. Ах. ;да;;;;
popov_zhizn;Мысль Фёдора. В принципе к этому можно привыкнуть. 	 Ну как ощущения господа? 	 (кричит);всё отлично;;;;
popov_zhizn;Ну как ощущения господа? 	 (кричит)Всё отлично! Профессор, мы общаемся...мысленно! 	 ;прекрасно;;;;
popov_zhizn;Господа, попрошу вас закрыть глаза, расслабится и мыслить. Евгений и Фёдор закрывают глаза. 	 Когда мы это закончим? 	 Ещё немного...;прошу;;;;
popov_zhizn;прошу. 	 Мне не нравится, что кто-то роется в моей башке. 	 (в большом возбуждении)Господа! ;представьте;;;;
popov_zhizn;Писателям не придётся использовать свои руки, чтобы изложить свою мысль. Они смогут просто подумать об этом и машины откликнутся на их команду. Замечательно. Превосходно... 	 ;эх;;;;
popov_zhizn;В этот момент датчики на приборе начали издавать тревожный сигнал. Услышав это, профессор панически подбежал к компьютеру. Нажав несколько комбинаций на компьютере, звук сигнала пропал. 	 ;хмм;;;;
popov_zhizn;(устало)Ну скоро там? Док? Глаза можно уже открывать? 	 Буквально несколько секунд предоставьте мне господа. ;так-с;;;;
popov_zhizn;Глаза можно уже открывать? 	 Буквально несколько секунд предоставьте мне господа. Так-с. Сейчас разберемся. 	 ;хорошо;;;;
popov_zhizn;Сейчас разберемся. 	 Хорошо. 	 Мне надоел этот фарс. Снимай с меня шлем! 	 ;хорошо;;;;
popov_zhizn;Хорошо. 	 Мне надоел этот фарс. Снимай с меня шлем! 	 Хорошо, ;хорошо;;;;
popov_zhizn;Хорошо, хорошо. Сейчас сниму.  Марцев снимает с них шлемы. Они открывают глаза. 	 ;ну;;;;
popov_zhizn;Сейчас сниму.  Марцев снимает с них шлемы. Они открывают глаза. 	 Ну, ;наконец-то;;;;
popov_zhizn;Они открывают глаза. 	 Ну, наконец-то. Сколько уже можно было ждать.  	 А мне если честно понравилось....;хм;;;;
popov_zhizn;Кхе-кхе... (оглядывается на Евгения)И у меня по-моему что-то не так с ним. (в шоке)ЧТО?!!Почему я вижу себя?! 	 (;так же;;;;
popov_zhizn;(в шоке)ЧТО?!!Почему я вижу себя?! 	 (так же) А я себя! Что здесь происходит? 	 ;какого чёрта;;;;
popov_zhizn;Я же чувствую что это не моя голова! 	 Док! Зеркало, быстрей давай! Марцев даёт мужчинам зеркало. 	 ;какого;;;;
popov_zhizn;Профессор, вы ничего не хотите нам объяснить? 	 ;простите;;;;
popov_zhizn;Ты не понимаешь!?!??! Да я сейчас не в своём теле! 	;как и;;;;
popov_zhizn;Как и я! 	 ;как же это так;;;;
popov_zhizn;Как же это так? Дополнительный процесс...Всё из-за него? 	 Я тебе сейчас покажу дополнительный процесс!!! 	 ;прошу;;;;
popov_zhizn;Всё из-за него? 	 Я тебе сейчас покажу дополнительный процесс!!! 	 Прошу, господа, успокойтесь...давайте разберёмся во всем.  	 ;ну так;;;;
popov_zhizn;Я не виноват. 	 А кто виноват? 	 Машина. Она сломалась из-за какого-то неизвестного дополнительного процесса. 	 ;ну так чини;;;;
popov_zhizn;Она сломалась из-за какого-то неизвестного дополнительного процесса. 	 Ну так чини! Ты же профессор. 	 Не всё так просто. ;я конечно;;;;
popov_zhizn;context not found;сколько;;;;
popov_zhizn;тихо) недель-ку. 	 ;что;;;;
popov_zhizn;Фёдор впадаёт ещё в больший гнев, а Евгений ещё больше переходит к отчаянию.  	 ;ну;;;;
popov_zhizn;она...понимаете...она 	 Знал же, что не нужно идти сюда....;нет же;;;;
popov_zhizn;Камера!Камера! (злорадно смеясь)Аха-ха-ха-ха-ха-ха-ха-ха-ха. Я же её специально оставил всё снимать... 	 ;ну;;;;
popov_zhizn;(злорадно смеясь)Аха-ха-ха-ха-ха-ха-ха-ха-ха. Я же её специально оставил всё снимать... 	 Ну. Я же просил не снимать... 	 ;заткнись;;;;
popov_zhizn;Заткнись! Попробуй мне ещё что-нибудь вякнуть! (берёт камеру)Она всё сняла. 	 ;в самом деле;;;;
popov_zhizn;Мы сможем предъявить видеозапись, на работе...и...все увидят, что мы поменялись телами. Правильно? 	 ;да;;;;
popov_zhizn;все увидят, что мы поменялись телами. Правильно? 	 Да.  	 Мы им всё объясним. ;скажем;;;;
popov_zhizn;Попробуйте проверить видеозапись. Евгений и Фёдор внимательно проверяют видеозапись на камере. Молчаливая пауза. 	 (печально) ;как же так;;;;
popov_zhizn;вновь, в надежде на доказательства. 	 ;нет;;;;
popov_zhizn;Ты же всё видел. На записи, вообще не видно ничего подозрительного. Мы просто там сидим с тобой молчим, а затем закрываем глаза. 	 ;ага;;;;
popov_zhizn;Ага! Вот оно! Я обращаюсь к доку, уже в твоём теле! 	;ну и;;;;
popov_zhizn;Вот оно! Я обращаюсь к доку, уже в твоём теле! 	 Ну и как тут понятно, ;что это ты;;;;
popov_zhizn;Чёрт, чёрт, чёрт. НЕТ! В порыве гнева Фёдор разбивает камеру. 	 Что нам делать? 	 ;нет;;;;
popov_zhizn;Смирнов...его поставят вести мой выпуск...У меня не будет денег...мне нельзя сейчас не работать. 	;вот и;;;;
popov_zhizn;Что она скажет, если я так резко возьму и пропаду... Пауза 	 (идейно)Нам не нужно будет пропадать. Только попробуй, меня подвести. 	 ;ты о чем;;;;
popov_zhizn;У нас другого выхода нет. Попробуй, только облажаться с моей работой, я убью тебя. 	 Ты прав, другого выхода, ;нет;;;;
popov_zhizn;У нас другого выхода нет. Попробуй, только облажаться с моей работой, я убью тебя. 	 Ты прав, другого выхода, нет.  	 ;пока;;;;
popov_zhizn;Ты играешь мою роль. А я твою. 	 Моя жена...не смей обижать её. 	 ;не волнуйся;;;;
popov_zhizn;Я на ней сам ездить буду. 	 Не рекомендую. Это может вызвать лишние разговоры и подозрения. Поэтому они будут у меня. 	 ;ладно;;;;
popov_zhizn;Это может вызвать лишние разговоры и подозрения. Поэтому они будут у меня. 	 Ладно. 	 Я работаю в универсаме рядом с моим домом. 	 ;пфф;;;;
popov_zhizn;Мне пришлось самой идти в школу! С малышом на руках! Мне! Матери! 	 ;ясно;;;;
popov_zhizn;С малышом на руках! Мне! Матери! 	 Ясно. 	 ;что ясно;;;;
popov_zhizn;Что ясно? Ты безответственный! И почему ты не на работе? Ты же не пошёл в школу! 	 ;ну;;;;
popov_zhizn;Ты издеваешься? А я тебе кто? Ты там нигде не ударялся головой? 	 Жена?....;ясно;;;;
popov_zhizn;А я тебе кто? Ты там нигде не ударялся головой? 	 Жена?....ясно....(;себе;;;;
popov_zhizn;На столе лежит пара бутербродов и чай. Татьяна убирает со стола результат съеденного минутами ранее завтрака. Илья довольно и сосредоточенно играет в телефон сидя в кресле.  	 (Не отвлекаясь от телефона);привет;;;;
popov_zhizn;Татьяна убирает со стола результат съеденного минутами ранее завтрака. Илья довольно и сосредоточенно играет в телефон сидя в кресле.  	 (Не отвлекаясь от телефона)Привет, Пап. 	 ;привет;;;;
popov_zhizn;Илья довольно и сосредоточенно играет в телефон сидя в кресле.  	 (Не отвлекаясь от телефона)Привет, Пап. 	 Привет. (ест бутерброд);хмм;;;;
popov_zhizn;Я думал в семьях едят нормальную пищу. Разве не так? 	 Ешь, какая есть.;а то и;;;;
popov_zhizn;Разве не так? 	 Ешь, какая есть. А то и такой не будет. 	 (зевает);эх;;;;
popov_zhizn;Я не голоден. 	 Не голоден он. А что ты скажешь, когда без ужина останешься. 	 (;себе;;;;
popov_zhizn;Пап. Я смог захватить замок со своей командой. Илья разговаривает с отцом не отрываясь от телефона. 	 Какой замок? ;ты о чём;;;;
popov_zhizn;Я смог захватить замок со своей командой. Илья разговаривает с отцом не отрываясь от телефона. 	 Какой замок? Ты о чём? 	 ;ну замок;;;;
popov_zhizn;Илья разговаривает с отцом не отрываясь от телефона. 	 Какой замок? Ты о чём? 	 Ну замок...;ты чего;;;;
popov_zhizn;Ну замок...Ты чего? 	 (обращает внимания на игру в телефоне)Ты про это? Про игру? 	 ;ну;;;;
popov_zhizn;Ты чего? 	 (обращает внимания на игру в телефоне)Ты про это? Про игру? 	 Ну, ;да;;;;
popov_zhizn;Тяжелая битва была...представляешь? Я один из пятерых, которым удалось выжить. 	 ;понятно;;;;
popov_zhizn;представляешь? Я один из пятерых, которым удалось выжить. 	 Понятно. И что будет если ты захватишь замок? 	 ;как что;;;;
popov_zhizn;И что будет если ты захватишь замок? 	 Как что? 	 Что дальше? 	 Он уже захвачен. 	 ;и;;;;
popov_zhizn;Я ведь не один его захватил...Только его частью 	 ;а дальше что;;;;
popov_zhizn;Не всем конечно. Я ведь не один его захватил...Только его частью 	 А дальше что? 	 ;как что;;;;
popov_zhizn;context not found;ну и;;;;
popov_zhizn;Что тебе с этого будет? 	 Я буду самым влиятельным. Со мной будет считаться каждый. 	 И зачем тебе это? 	 ;как зачем;;;;
popov_zhizn;Я буду самым влиятельным. Со мной будет считаться каждый. 	 И зачем тебе это? 	 Как зачем? 	;ну и;;;;
popov_zhizn;Со мной будет считаться каждый. 	 И зачем тебе это? 	 Как зачем? 	 Ну и ;что тебе это даст;;;;
popov_zhizn;И зачем тебе это? 	 Как зачем? 	 Ну и что тебе это даст? ;ну;;;;
popov_zhizn;Целыми днями сидишь играешь? Больной совсем? Иди в футбол поиграй на улице или займись чем-нибудь полезным. 	 ;ну я же;;;;
popov_zhizn;Иди в футбол поиграй на улице или займись чем-нибудь полезным. 	 Ну я же... 	 Иди давай с друзьями играй... 	 Пап, ;ты чего;;;;
popov_zhizn;Распустила, понимаешь ли... Илья продолжает плакать. Из соседней комнаты стал доноситься плач малыша, который проснулся из-за всего этого шума. 	;ну вот и;;;;
popov_zhizn;Кто-нибудь сегодня успокоит этого спиногрыза? Из комнаты выходит Татьяна с малышом в руках. 	 Где ты так споткнулся, что забыл о своих обязанностях, ;а;;;;
popov_zhizn;Заботится о детёныше. Не запускать свою внешность. Разве это не обязанности жены? 	 (сильно удивляясь);да как ты смеешь;;;;
popov_zhizn;Не запускать свою внешность. Разве это не обязанности жены? 	 (сильно удивляясь)Да как ты смеешь?!  	 (;себе;;;;
popov_zhizn;Марш, чинить кран! Не забывай про свои! прямые обязанности! 	 (смотрит на часы);отлично;;;;
popov_zhizn;Картина 2 Новостной центр. Комната отдыха. Смирнов, Алиса и Евгений, который осматривается вокруг. 	 ;здравствуйте;;;;
popov_zhizn;Пауза сопровождающаяся удивлёнными лицами Смирнова и Алисы. Не напомните мне, где здесь мой шкафчик? 	 (Алисе) Он пьяный? 	 Ты забыл? ;вот же;;;;
popov_zhizn;Алиса показывает шкафчик Евгению, который повесил туда свою верхнюю одежду. Алиса показалось ему очень привлекательной. Евгений не ловко себя чувствовал и не знал, что сказать. 	 ;ну;;;;
popov_zhizn;Алиса показывает шкафчик Евгению, который повесил туда свою верхнюю одежду. Алиса показалось ему очень привлекательной. Евгений не ловко себя чувствовал и не знал, что сказать. 	 Ну, ;как дела;;;;
popov_zhizn;Ну, как дела, ребята? 	 Я вижу, ты хорошо отдыхал вчера, раз уже не можешь вспомнить, где твой шкафчик. 	 И где же ты был? 	 Я?..;мм;;;;
popov_zhizn;И где же ты был? 	 Я?..Мм...Дома. 	 ;хах;;;;
popov_zhizn;Хах...Как всегда пытаешься шутить своими несмешными шутками? 	 И что же ты делал дома? 	 Я?...;мм;;;;
popov_zhizn;после работы...я же вчера работал? 	 Ты в порядке? Тебе предстоит эфир. 	 ;конечно;;;;
popov_zhizn;Мне это не снится? Смирнов достал из шкафчика свою верхнюю одежду и стал неспешно одеваться. 	 А ты куда - то спешишь? Уходишь? 	 ;не волнуйся;;;;
popov_zhizn;А ты куда - то спешишь? Уходишь? 	 Не волнуйся, скоро не буду никуда спешить. ;вот подожди;;;;
popov_zhizn;Очень хорошо. Я их смотрю с удовольствием...Не отрываюсь, если честно. 	 ;спасибо;;;;
popov_zhizn;Очень хорошо. Я их смотрю с удовольствием...Не отрываюсь, если честно. 	 Спасибо, ;конечно;;;;
popov_zhizn;Ну зачем смотреть на Панова, когда рядом сидишь ты... 	 Ты не болен? Может быть неважно себя чувствуешь? 	 Да он либо пьяный, ;либо ещё что;;;;
popov_zhizn;Может быть неважно себя чувствуешь? 	 Да он либо пьяный, либо ещё что. 	 Может сходишь домой отдохнёшь, если тебе плохо. 	 ;да;;;;
popov_zhizn;Может сходишь домой отдохнёшь, если тебе плохо. 	 Да, пусть сходит домой и не возвращается. Я проведу их за тебя. 	 Ты обо мне? ;нет;;;;
popov_zhizn;я во все не пьяный. 	 Я серьёзно. Может поговоришь с шефом? Он тебя отпустит. 	 ;да;;;;
popov_zhizn;А у меня же его нет? Ведь так? (нюхает свой запах изо рта) 	 Дыхни. Евгений сделал выдох. 	 ;хмм;;;;
popov_zhizn;(нюхает свой запах изо рта) 	 Дыхни. Евгений сделал выдох. 	 Хмм...Пил же. 	 ;а мне;;;;
popov_zhizn;Евгений сделал выдох. 	 Хмм...Пил же. 	 А мне? 	 ;нет;;;;
popov_zhizn;И я не пил. По крайней мере я чуть-чуть поспал у профессора...и у него есть хорошая раковина в лаборатории...ой... 	 ;что;;;;
popov_zhizn;По крайней мере я чуть-чуть поспал у профессора...и у него есть хорошая раковина в лаборатории...ой... 	 Что? 	 ;ну;;;;
popov_zhizn;какой профессор? Какая лаборатория? 	 Никакая. Это я...;ну;;;;
popov_zhizn;ну...(пауза)имел ввиду поспал и почитал книгу и посмотрел фильм про профессора. 	 Ты же сказал, что смотрел фильм про любовь. 	 ;да;;;;
popov_zhizn;ну...(пауза)имел ввиду поспал и почитал книгу и посмотрел фильм про профессора. 	 Ты же сказал, что смотрел фильм про любовь. 	 Да?...;ну так;;;;
popov_zhizn;и...получил её. 	 Что-то не складно ты отговариваешься. Как же назывался фильм? 	 ;мм;;;;
popov_zhizn;Мм...Я не помню. 	 Помнил бы, если не напивался бы. 	 Название прямо из головы вылетело...;как же там;;;;
popov_zhizn;профессор...ну в общем вылетело. 	 Я сейчас вернусь. 	 (вслед Смирнову) ;о;;;;
popov_zhizn;Смирнов раздевается и выбегает из комнаты. Куда он? 	 С тобой точно всё в порядке? Ты как будто бы сам не свой. 	 ;я же говорю;;;;
popov_zhizn;С тобой точно всё в порядке? Ты как будто бы сам не свой. 	 Я же говорю...всё хорошо и ;отлично;;;;
popov_zhizn;Понятно?! Так, что можешь идти. Я сам доведу за тебя новости. 	 А я видел тебя вчера в новостях. 	 ;да неужели;;;;
popov_zhizn;Да неужели? 	 Ты и вправду хорошо их вёл. Видно сразу настоящий профессионал.  	 Что ты несёшь? ;что;;;;
popov_zhizn;(Смирнову)Я могу попросить тебя, дать мне несколько советов, как лучше вести выпуск или подготовится к эфиру? А то я...если честно...немного побаиваюсь... 	 ;ух ты;;;;
popov_zhizn;Очень хорошо, что ты обратился именно ко мне. Алиса удивляется происходящему всё больше и больше. 	 Ты мне поможешь? 	 (ещё более возбуждённо) ;ух;;;;
popov_zhizn;Алиса удивляется происходящему всё больше и больше. 	 Ты мне поможешь? 	 (ещё более возбуждённо) Ух...ну если ты так сильно просишь. 	 ;отлично;;;;
popov_zhizn;Одеваться в исключительно дорогую итальянскую одежду...Ах, да. Питание рекомендую по моей фирменной диете, которую я разработал лично для себя...но если ты хорошо попросишь могу рассказать тебе все секреты этой диеты... 	 ;конечно;;;;
popov_zhizn;Конечно! Если можно! 	 Вот посмотри на меня. Я идеален. ;видишь;;;;
popov_zhizn;Не даром меня включают во все списки сексуальных мужчин... 	 Вовсе не так... 	 Леди...не перебивайте меня пожалуйста. ;так;;;;
popov_zhizn;вылетело из головы...(Алисе)Всё из-за тебя. 	 Ты говорил о лаке и списках. 	 ;ах;;;;
popov_zhizn;вылетело из головы...(Алисе)Всё из-за тебя. 	 Ты говорил о лаке и списках. 	 Ах, ;да;;;;
popov_zhizn;Не забывай, я всё слыыышууу. Мысль Евгения. Ах. да. ;ну;;;;
popov_zhizn;думаю ты догадываешься зачем. Внешность это первый этап в успешной карьере популярного ведущего.  	 И у меня появится толпа девушек, которые будут вешаться на меня?  	 ;ну;;;;
popov_zhizn;думаю ты догадываешься зачем. Внешность это первый этап в успешной карьере популярного ведущего.  	 И у меня появится толпа девушек, которые будут вешаться на меня?  	 Ну, ;конечно;;;;
popov_zhizn;Верхнюю одежду я предпочитаю от знаменитого дизайнера "Карло Скоцареллы". Его верхняя одежда делается при применение особых режимов, которые позволяют наслаждаться ношению этой одеждой в прямом смысле этого слова. Ну и ко всему прочему она действительна модна и красива... 	 ;так;;;;
popov_zhizn;Верхнюю одежду я предпочитаю от знаменитого дизайнера "Карло Скоцареллы". Его верхняя одежда делается при применение особых режимов, которые позволяют наслаждаться ношению этой одеждой в прямом смысле этого слова. Ну и ко всему прочему она действительна модна и красива... 	 Так, ;хватит;;;;
popov_zhizn;У нас сейчас эфир. Пойдём. Алиса берёт Евгения за руку и тащит его за собой из комнаты. 	 (вслед);эй;;;;
popov_zhizn;Картина 3 Лаборатория Григория Марцева. Профессор собирает новый блок. На полу разбросано полно запчастей, датчиков и проводов. Ирина стоит подле него. 	 ;так;;;;
popov_zhizn;Всё в процессе...работа идёт полным ходом. 	 Полным ходом значит? Фролов оглядывается на разбросанные запчасти. 	 ;да-да;;;;
popov_zhizn;работа идёт полным ходом. 	 Полным ходом значит? Фролов оглядывается на разбросанные запчасти. 	 Да-да...;а что;;;;
popov_zhizn;Какие молодцы,( пауза) так держ...ать... 	 Уже готово множество образцов...Но я хочу спросить вас откровенно... 	 ;что;;;;
popov_zhizn;Я? Кто...я? Профессор пытается перевести свою панику в положительные эмоции. 	..;не;;;;
popov_zhizn;хех...скрывать зачем мне это? 	 Я надеялся, что как раз вы объясните мне, зачем это вам нужно. 	 ;нет;;;;
popov_zhizn;хех...скрывать зачем мне это? 	 Я надеялся, что как раз вы объясните мне, зачем это вам нужно. 	 Нет...;нет;;;;
popov_zhizn;В смысле? 	 Вы какой-то напряженный. 	 Нет, нет. ;что вы;;;;
popov_zhizn;нет...Что вы...Ни в коем случае я ничего от ас не скрываю... 	 Это правда? 	 ;конечно;;;;
popov_zhizn;Ни в коем случае я ничего от ас не скрываю... 	 Это правда? 	 Конечно, правда...;а почему нет;;;;
popov_zhizn;Тогда, как вы объясните нам...тот факт что этой ночью у вас были отключены камеры, которые мы расположили в лаборатории для того чтобы следить за вашим рабочим процессом...И даже в эту минуту камеры не работают. 	 Не работают? 	 ;да;;;;
popov_zhizn;Да. Не работают. 	 Возможно, свет отключали или ;ещё что-то;;;;
popov_zhizn;Исключено. Вы же знаете, что мы сотрудничаем с государственными фондами. 	 После вашего ухода я обязательно посмотрю, что случилось. 	 ;уж извольте;;;;
popov_zhizn;Вы же знаете, что мы сотрудничаем с государственными фондами. 	 После вашего ухода я обязательно посмотрю, что случилось. 	 Уж извольте...иначе нам придется прибегнуть к другим методам отслеживания вашей производительности. 	 ;да-да;;;;
popov_zhizn;После вашего ухода я обязательно посмотрю, что случилось. 	 Уж извольте...иначе нам придется прибегнуть к другим методам отслеживания вашей производительности. 	 Да-да...;конечно же;;;;
popov_zhizn;Компании нужны результаты, а не слова. Демонстрацию. 	 Одну минуту. (пауза) ;ну вот;;;;
popov_zhizn;(пауза) Ну вот..видите это? (указывает на не до конца собранный блок) 	 Вижу. ;что это;;;;
popov_zhizn;давайте посмотрим, как оно работает. 	 ;так в этом;;;;
popov_zhizn;Мне не хватает несколько дополнительных запчастей...я как раз хотел чтобы вы предоставили мне их. 	 Разве вам мало, того, что вам предоставили? 	 ;нет;;;;
popov_zhizn;А сейчас я вижу, что осталось восемь. Рекомендую вам не тратить их впустую. Это в ваших интересах, профессор. 	 ;да;;;;
popov_zhizn;Это в ваших интересах, профессор. 	 Да...Впредь, я буду проводить эксперименты максимально экономно. 	 ;да;;;;
popov_zhizn;Это в ваших интересах, профессор. 	 Да...Впредь, я буду проводить эксперименты максимально экономно. 	 Да...;и ещё;;;;
popov_zhizn;Фролов достаёт из кейса револьвер. Сделаю вам презентацию на примере вот этого кольта. Как вы поняли это Кольт Питон... 	 Я не разбираюсь в оружии... 	 ;не перебивать;;;;
popov_zhizn;компанией "Кольт Меньюфекчеринг Компани". В первые был представлен в тысяча девятьсот пятьдесят пятом году вместе с другим револьвером из прочей компании. На нём установлен точный, регулируемый прицел и прочный ударно-спусковой механизм... 	 И зачем вы мне это рассказываете? 	 ;точно;;;;
popov_zhizn;В первые был представлен в тысяча девятьсот пятьдесят пятом году вместе с другим револьвером из прочей компании. На нём установлен точный, регулируемый прицел и прочный ударно-спусковой механизм... 	 И зачем вы мне это рассказываете? 	 Точно...;хорошо что спросили;;;;
popov_zhizn;хорошо что спросили...Привычка знаете ли...(пауза)Наверняка вы не забыли что именно от вас мы хотим? 	 ;конечно;;;;
popov_zhizn;хорошо что спросили...Привычка знаете ли...(пауза)Наверняка вы не забыли что именно от вас мы хотим? 	 Конечно, ;нет;;;;
popov_zhizn;(пауза)Наверняка вы не забыли что именно от вас мы хотим? 	 Конечно, нет. Вы же напоминаете мне об этом, каждый день. 	 ;так;;;;
popov_zhizn;Этот карманчик выводится на прямую к барабанчику. Это разработано для вашего удобства. Как вы знаете ваша задача разработать вами же обещанный ингредиент для уничтожения противника. Ведь так? 	 ;да;;;;
popov_zhizn;это никому не нужно, и компания заинтересована в собственной выгоде с продажи наших будущих орудий, чтобы в дальнейшем ни от кого не зависеть и заниматься действительно прибыльным делом. Уже есть множество потенциальных покупателей. Как и утверждалось в нашем контракте вы помните? 	 ;а;;;;
popov_zhizn;Как и утверждалось в нашем контракте вы помните? 	 А? 	 Конфиденциальность. Неразглашение всех наших разработок никому! 	 ;да;;;;
popov_zhizn;А? 	 Конфиденциальность. Неразглашение всех наших разработок никому! 	 Да, ;конечно;;;;
popov_zhizn;Я учту ещё раз всю информацию и отложу её в своей памяти. 	 Чудно. Фролов кладёт револьвер в руку профессора и неспешно возвращается к выходу. Да и ;кстати;;;;
popov_zhizn;Марцев стоит и печально смотрит на револьвер в руке. Картина 4 	 Новости. За столом сидит Евгений и Алиса. На столе у каждого лежит тетрадь. 	 ;здравствуйте;;;;
popov_zhizn;В прямом эфире Алиса Быкова и... Небольшая пауза. Алиса с негодованием сморит на Евгения и пытается скрыть свои эмоции за улыбкой. 	 ;а;;;;
popov_zhizn;В прямом эфире Алиса Быкова и... Небольшая пауза. Алиса с негодованием сморит на Евгения и пытается скрыть свои эмоции за улыбкой. 	 А? ;что;;;;
popov_zhizn;Что? Уже говорить? 	 (шепотом) Мы в эфире... 	 ;а;;;;
popov_zhizn;Алиса и Евгений сидят с ещё большими улыбками в ожидании. Алиса в ожидании, того чтобы Евгений произнёс речь, а он в свою очередь ждёт её. 	 (шепотом) Сейчас твой текст... 	 Мой? ;а;;;;
popov_zhizn;(демонстративно поправляется) И так господа новости...новости этого часа. Снова пауза ожидания и глупые улыбки. 	 (не сдерживая шепота) ;ну же;;;;
popov_zhizn;новости этого часа. Снова пауза ожидания и глупые улыбки. 	 (не сдерживая шепота) Ну же...;давай;;;;
popov_zhizn;новости этого часа. Снова пауза ожидания и глупые улыбки. 	 (не сдерживая шепота) Ну же...давай. 	 ;что;;;;
popov_zhizn;Снова пауза ожидания и глупые улыбки. 	 (не сдерживая шепота) Ну же...давай. 	 Что? ;давай;;;;
popov_zhizn;давай. 	 Что? Давай? 	 Говори. 	 ;что;;;;
popov_zhizn;Давай? 	 Говори. 	 Что? Говорить? ;а;;;;
popov_zhizn;Читай. 	 Что читать? Что вы от меня хотите, я не пойму? 	 Читай с суфлёра, ;пожалуйста;;;;
popov_zhizn;Разве сюжет не должны им показывать?  Голос шефа. Вырубайте трансляцию! Быстрее.. 	 ;ну;;;;
popov_zhizn;эта...которая различные видео показывает... Голос шефа. Заткните его..;ну же;;;;
popov_zhizn;Ты что творишь! 	 Что-то не так? (Алисе) Это наш шеф? 	 ;да;;;;
popov_zhizn;Вот. Текст для кого написан здесь. Ты же сам писал, неужели его не знаешь? 	 ;аа;;;;
popov_zhizn;А я то думал...Что все ведущие говорят текст наизусть или просто импровизируют...оказывается вот как... 	 Ты издеваешься надо мной? 	 ;нет;;;;
popov_zhizn;Потом она! Что не понятного! 	 (показывает свою тетрадь) Написано. Вот в тетради... 	 ;хмм;;;;
popov_zhizn;Времени нет...Ты готов? Тебе надеюсь всё понятно? Или ещё что-нибудь объяснить? 	 ;всё;;;;
popov_zhizn;Я вас понял. 	 И попробуй мне ещё что-нибудь выкинуть! Голос из операторской. Десять секунд до эфира шеф! 	 ;а;;;;
popov_zhizn;Голос из операторской. Десять секунд до эфира шеф! 	 А...Босс я ещё хотел спросить... 	 ;заткнись;;;;
popov_zhizn;Техническая неисправность устранена и мы снова с вами. Я Алиса Быкова и мой коллега... 	 Результат того, как рухнула детская школа и что произошло с пострадавшими... Голос шефа. ;боже;;;;
popov_zhizn;Угадайте какому всеми любимому нашим городом артисту и певцу исполняется семьдесят лет...Обо всём это в ближайшие минуты. (Алисе) Как я, ;да;;;;
popov_zhizn;Обо всём это в ближайшие минуты. (Алисе) Как я, да? 	 (шепотом) Не расслабляйся..;продолжай;;;;
popov_zhizn;Обо всём это в ближайшие минуты. (Алисе) Как я, да? 	 (шепотом) Не расслабляйся...Продолжай 	 ;а;;;;
popov_zhizn;Мы получили драматические кадры...там мужчина захватил в зало... 	 (перебивая) Остановись. 	 ;что;;;;
popov_zhizn;Ждём команды. 	 Понял. 	 Но, я был хорош, ;да согласись;;;;
popov_zhizn;Голос шефа. Разговорчики! Небольшая молчаливая пауза. 	 (шепотом) ;давай;;;;
popov_zhizn;нападавший ворвался, схватил женщину и приставил к её горлу нож он требовал, чтобы ему немедленно привезли деньги. Об драматической развязке вам поведает наш корреспондент Николай Ястребов. Всё да? Там сюжет включен? 	 ;да;;;;
popov_zhizn;Об драматической развязке вам поведает наш корреспондент Николай Ястребов. Всё да? Там сюжет включен? 	 Да. 	 ;и всего;;;;
popov_zhizn;А теперь мы с вами отправимся на наш любимый стадион, чтобы узнать как проводится подготовка футболистов нашей команды к предстоящему матчу. И прямо сейчас на связи...наш коллега Артём Ползунков. Артём, ;здравствуйте;;;;
popov_zhizn;Артём, здравствуйте...расскажите нам какое состояние у поля и что же сейчас происходит у наших футболистов в раздевалке. Голос Коллеги. (пауза);здравствуйте;;;;
popov_zhizn;Результаты впечатляют. Все в команде включая вратаря, защитников, полузащитников и центрфорварда рвутся в бой. Буквально прямо сейчас происходит одна из последних тренировок перед матчем, и если мне повезёт, то мы с вами сможем получить интервью от нашего всеми любимого форварда. 	 ;это отлично;;;;
popov_zhizn;Теперь граждане нашего города могут расширить земельные и дачные участки по определённым критериям... Голос Шефа. Что он несёт? 	 (тихо) ;ты чего;;;;
popov_zhizn;вот этой штуки...как её...забыл 	 Она тебе вопрос задала в прямом эфире! ;так;;;;
popov_zhizn;Как он мог так со мной? Никогда не было ни одной заминки. Я же всё время к нему нормально отношусь и относился.  Картина 5 	;как и;;;;
popov_zhizn;Картина 5 	 Как и обычно две кассы из трёх пустые, и лишь за одной сидит кассирша. Люди хаотично ходят по супермаркету и выбирают продукты. Фёдор стоит возле кассы. 	 Ноги уже затекли..;так и;;;;
popov_zhizn;Весь день на ногах всё-таки...там вроде подсобка есть, может туда пойти упасть? Кассирша молчит и достаёт сканворд.  Ты глухая или ;нет;;;;
popov_zhizn;там вроде подсобка есть, может туда пойти упасть? Кассирша молчит и достаёт сканворд.  Ты глухая или нет? ;ау;;;;
popov_zhizn;Дамочка... 	 Опять пристал?! 	 Я говорю пойду в подсобку и там улягусь...я ж охранник в конце концов... 	 ;хах;;;;
popov_zhizn;Я говорю пойду в подсобку и там улягусь...я ж охранник в конце концов... 	 Хах...в подсобку пойдёшь уляжешься а потом администраторша тебя увидит . 	 ;и что;;;;
popov_zhizn;я ж охранник в конце концов... 	 Хах...в подсобку пойдёшь уляжешься а потом администраторша тебя увидит . 	 И что? 	 ;а то;;;;
popov_zhizn;в подсобку пойдёшь уляжешься а потом администраторша тебя увидит . 	 И что? 	 А то...уволят тебя к чертам да и ;всё;;;;
popov_zhizn;Ты будешь говорить мне о полезности? Ты вообще никому не нужен охранник несчастный. Ты то, как раз им вообще не нужен. 	;ну и;;;;
popov_zhizn;Ты будешь говорить мне о полезности? Ты вообще никому не нужен охранник несчастный. Ты то, как раз им вообще не нужен. 	 Ну и ;хорошо;;;;
popov_zhizn;Фёдор окинул взглядом покупательницу. 	 Скажите, а кто-нибудь будет обслуживать? Ведь женщина куда то ушла. 	 Ну ни я же сяду пробивать тебе продукты, ;правильно;;;;
popov_zhizn;Ну ни я же сяду пробивать тебе продукты, правильно?  Я конечно могу принципиально для тебя это сделать... 	 Через чур долго ждать придётся?  Фёдор расслабленно молчит. 	 ;ну так что;;;;
popov_zhizn;А то вчера так и не купила... Кассирша пробивает колбасу и кладёт её в пакетик. 	 (кассирше) Что ты делаешь? 	 ;чего;;;;
popov_zhizn;Ты сначала спроси у неё, нужен ли ей пакет а потом суй его. Фёдор встаёт и демонстративно вытаскивает колбасу из пакета. 	 (Покупателю) Нужен? ;нет;;;;
popov_zhizn;Ты сначала спроси у неё, нужен ли ей пакет а потом суй его. Фёдор встаёт и демонстративно вытаскивает колбасу из пакета. 	 (Покупателю) Нужен? Нет? 	 ;да;;;;
popov_zhizn;Покупательница взяла колбасу и в спешке покинула магазин забыв взять с собой пакетик. 	 Раскудахтался тут... 	 Ты здесь сидишь расселась и ничего не делаешь. ;так не бывает;;;;
popov_zhizn;Так не бывает. У тебя работа легкая, а ты и её выполнить нормально не можешь...не удивительно что сидишь тут пятьсот лет за этой кассой, а молоденькие управляют магазином.  	 ;а ну молчи;;;;
popov_zhizn;И что это за этапы такие? Фёдор принял поучительную позу. 	 Первое. Как ты думаешь что? 	 ;и что же;;;;
popov_zhizn;Фёдор принял поучительную позу. 	 Первое. Как ты думаешь что? 	 И что же... 	 ;ну ты даёшь;;;;
popov_zhizn;Это стимулирование дальнейших посещений. 	 Откуда ты этого понабрался? 	 А я по твоему с кем работал? Я работал со зрителем...;ой;;;;
popov_zhizn;Приветствовать входящего посетителя необходимо сразу при его появлении в магазине. 	 И как я это сделаю? Я за ними бегать должна? 	 Вербально! 	 ;как;;;;
popov_zhizn;Я за ними бегать должна? 	 Вербально! 	 Как? 	 Визуально! 	 ;что;;;;
popov_zhizn;Если у него большой товар, то нужно помочь донести его до машины...Не торопясь нужно сказать...Что сказать? "Спасибо за покупку!", ";до свиданья;;;;
popov_zhizn;Кассирша молчит и с большой серьёзностью обдумывает сказанное Фёдором. 	 Ты чего стоишь болтаешь? 	 Могу не болтать. Что поделать если вы работать не умеете. ;не;;;;
popov_zhizn;Ты тоже глуховатая? 	 Сейчас я вижу, что ты не хочешь выполнять свою работу. Стоишь и просто так болтаешь. 	 Я же охранник всё таки, ;как никак;;;;
popov_zhizn;Сейчас я вижу, что ты не хочешь выполнять свою работу. Стоишь и просто так болтаешь. 	 Я же охранник всё таки, как никак. 	;вот и;;;;
popov_zhizn;Я же охранник всё таки, как никак. 	 Вот и займись своей работой. На камерах видно, как ты болтаешь , а покупатель сбегает с набитыми продуктов карманами. 	 ;что ж поделать;;;;
popov_zhizn;(себе)И мне предстоит такая неделя? Картина 6 Лаборатория Григория Марцева. Евгений и Фёдор сидят на стульях напротив друг друга.  	;ну и;;;;
popov_zhizn;(себе)И мне предстоит такая неделя? Картина 6 Лаборатория Григория Марцева. Евгений и Фёдор сидят на стульях напротив друг друга.  	 Ну и? 	 ;что;;;;
popov_zhizn;Картина 6 Лаборатория Григория Марцева. Евгений и Фёдор сидят на стульях напротив друг друга.  	 Ну и? 	 Что,;ну и;;;;
popov_zhizn;На работе...довольно таки неплохо. Справляюсь. 	 Справляешься значит? 	 ;ну да;;;;
popov_zhizn;довольно таки неплохо. Справляюсь. 	 Справляешься значит? 	 Ну да. ;а что;;;;
popov_zhizn;Справляюсь. 	 Справляешься значит? 	 Ну да. А что? 	 ;а то;;;;
popov_zhizn;А что мне тебе сказать? 	 Жену не обижал? С детьми всё хорошо? 	 Я же сказал. ;всё хорошо;;;;
popov_zhizn;С детьми всё хорошо? 	 Я же сказал. Всё хорошо.  	 А с работой, ;что;;;;
popov_zhizn;Я же сказал. Всё хорошо.  	 А с работой, что?  	 Путём. 	 ;в смысле;;;;
popov_zhizn;Всё хорошо.  	 А с работой, что?  	 Путём. 	 В смысле? 	 ;нет;;;;
popov_zhizn;Я не предъявляю, просто сам понимаешь...хотелось бы, чтобы всё прошло гладко. К ним подходит профессор. 	 Секунду господа. ;не дёргайтесь;;;;
popov_zhizn;К ним подходит профессор. 	 Секунду господа. Не дёргайтесь. 	 Ты никак не успокоишься? 	 ;так;;;;
popov_zhizn;Ты никак не успокоишься? 	 Так. Сидите, как сидите. Профессор достаёт небольшой датчик из кармана. 	 ;ну;;;;
popov_zhizn;Секунда прошла Профессор резко проводит датчиком между мужчинами. Датчик издал звуковой сигнал. 	 Готово. 	 Можно уже слезть со стула? 	 ;пока нет;;;;
popov_zhizn;Датчик издал звуковой сигнал. 	 Готово. 	 Можно уже слезть со стула? 	 Пока нет. ;подождите;;;;
popov_zhizn;Можно уже слезть со стула? 	 Пока нет. Подождите. Ещё один образец. 	 ;сколько можно;;;;
popov_zhizn;Всё будёт. Всему своё время. Марцев уходит в другой отсек. 	 Я буду стараться. 	 ;ты о чём;;;;
popov_zhizn;Вновь появляется профессор с тем же датчиком в руках.  	 Задержите дыхание. 	 Опять? Профессор так же использует датчик,;как и;;;;
popov_zhizn;Задержите дыхание. 	 Опять? Профессор так же использует датчик, как и в прошлый раз. 	 ;всё;;;;
popov_zhizn;Мужчины встали со стульев. Учёный снова уходит в другой отсек. 	 Что сказал жене? 	 Я тебя не понял. 	 ;я имею ввиду сейчас;;;;
popov_zhizn;Я имею ввиду сейчас. Что сказал жене? Ты же отпросился у неё?  	 (с удивлением) ;прости;;;;
popov_zhizn;ты...с тобой вообще очень трудно вести диалог. Всегда хотел тебе это сказать. 	 Диалог вести значит? 	 ;да;;;;
popov_zhizn;Диалог вести значит? 	 Да! Разговаривать. Просто невозможно! 	;ну и;;;;
popov_zhizn;Это я агрессор? Ты ещё настоящих агрессоров не видел! Я по сравнению с ними для тебя буду божьим одуванчиком. Как же вы все достали! 	 ;да;;;;
popov_zhizn;И как мне по твоему не быть агрессивным? Если весь мир постоянно сходит с ума. Вон даже жена твоя...(пауза) 	 ;что жена;;;;
popov_zhizn;Если весь мир постоянно сходит с ума. Вон даже жена твоя...(пауза) 	 Что жена? 	 ;да;;;;
popov_zhizn;Если весь мир постоянно сходит с ума. Вон даже жена твоя...(пауза) 	 Что жена? 	 Да, ;ничего;;;;
popov_zhizn;(пауза) 	 Что жена? 	 Да, ничего... 	 Говори раз сказал. Что с моей женой? 	 ;что;;;;
popov_zhizn;Да, ничего... 	 Говори раз сказал. Что с моей женой? 	 Что, ;что;;;;
popov_zhizn;Что, что. Прорычала что - то и всё. 	 Прорычала? Это как понимать? ;что значит прорычала;;;;
popov_zhizn;Это как понимать? Что значит прорычала? 	 Я откуда знаю. Не завёлся разговор и ;всё;;;;
popov_zhizn;И про Илью? Он что плакал? 	 Да я на всякий случай спрашиваю. Он что у тебя не плачет никогда? 	 ;нет;;;;
popov_zhizn;Пойму его позицию. 	 А с женой? 	 А что с женой? Она тоже плакала? 	 ;нет;;;;
popov_zhizn;А с женой? 	 А что с женой? Она тоже плакала? 	 Нет. ;что делать;;;;
popov_zhizn;Тебе нужно быть менее конфликтным. Уметь слышать людей и порой сглаживать углы. Ведь атмосфера зависит только от тебя. 	 (задумчиво) ;хмм;;;;
popov_zhizn;Уметь слышать людей и порой сглаживать углы. Ведь атмосфера зависит только от тебя. 	 (задумчиво) Хмм...;вот как значит;;;;
popov_zhizn;Так же и в обществе. Интересы других тебя должны волновать. (пауза) Вот давай обнимемся. 	 ;чего;;;;
popov_zhizn;Отвали я тебе говорю. Я не буду заниматься этим бредом. Что это за психосеанс? Евгений резко обнимает Фёдора по мужски. 	 ;видишь;;;;
popov_zhizn;Что это за психосеанс? Евгений резко обнимает Фёдора по мужски. 	 Видишь, а ты волновался. 	 (отцепившись);всё хватит;;;;
popov_zhizn;Евгений резко обнимает Фёдора по мужски. 	 Видишь, а ты волновался. 	 (отцепившись)Всё хватит, ;хватит;;;;
popov_zhizn;Видишь, а ты волновался. 	 (отцепившись)Всё хватит, хватит. Я понял, понял. 	 Никогда не поздно.;как и;;;;
popov_zhizn;Я понял, понял. 	 Никогда не поздно. Как и говорил. 	 ;ладно;;;;
popov_zhizn;Постой. Раз уж мы тут обмениваемся опытом. (пауза)Ты сказал, что я не уверенный в себе. 	 ;это факт;;;;
popov_zhizn;Вовремя ставь на место своего оппонента. Заявляй о себе, как о личности. Вот попробуй поставить меня на место.  	 Как поставить? 	 ;ну придумай;;;;
popov_zhizn;Ну придумай. Включай воображалку. Ты всегда будешь давать людям использовать себя? Оскорби меня что ли... 	 ;ну ты;;;;
popov_zhizn;Дятел. 	 Просто ничтожество. А ещё и мной хочешь быть. 	 Дегенерат. 	 ;ну;;;;
popov_zhizn;Просто ничтожество. А ещё и мной хочешь быть. 	 Дегенерат. 	 Ну, ;вот видишь;;;;
popov_zhizn;Не так всё и плохо, как казалось. Ну ладно. (зевает) теперь точно нужно идти спать. 	 Постой. 	 ;что ещё;;;;
popov_zhizn;Ну ладно. (зевает) теперь точно нужно идти спать. 	 Постой. 	 Что ещё? 	 ;спасибо;;;;
popov_zhizn;Не бери в голову. 	 И от меня спасибо. За кран. Добавки хочешь? 	 ;нет;;;;
popov_zhizn;Фёдор молча и устало смотрит телевизор. 	 Пап. (стесняясь) Проверишь? 	 (вздох) ;ну;;;;
popov_zhizn;Пап. (стесняясь) Проверишь? 	 (вздох) Ну,;давай;;;;
popov_zhizn;(вздох) Ну, давай Илья даёт учебник Фёдору. 	 Ванька Жуков, девятилетний мальчик, отданный три месяца тому назад в ученье к сапожнику Аляхину. Мм...в ночь под Рождество не ложился спать. 	 ;правильно;;;;
popov_zhizn;Дождавшись, когда хозяева и подмастерья ушли...ушли...он...он 	 ;ну;;;;
popov_zhizn;он...он 	 Ну...Что он? 	 Он....;ну это;;;;
popov_zhizn;он 	 Ну...Что он? 	 Он....ну это... 	 ;ну;;;;
popov_zhizn;ну это... 	 Ну, что он? Он наверное должен что - то сделать, правильно? 	 Да я знаю. ;сейчас;;;;
popov_zhizn;Секунду. 	 Вспоминай про что рассказ. 	 Да я же говорю я знаю. Просто сформулировать не могу. 	 ;хмм;;;;
popov_zhizn;Тут написано прилагательное. 	 Блин...я сбился теперь из - за этого. 	 ;ну продолж;;;;
popov_zhizn;Ты шкаф сделаешь? 	 Какой шкаф? 	 Который стоит в комнате малыша. 	 А с ним то, ;что;;;;
popov_zhizn;Какой шкаф? 	 Который стоит в комнате малыша. 	 А с ним то, что? 	 ;я не знаю;;;;
popov_zhizn;А с ним то, что? 	 Я не знаю. Не разбираюсь. Эти штуки вылетели. 	 ;какие;;;;
popov_zhizn;Я не знаю. Не разбираюсь. Эти штуки вылетели. 	 Какие? 	 ;ну эти;;;;
popov_zhizn;Ну эти...которые держат дверцы. 	 И как они сломались? 	 Видимо Илюша сломал. 	 ;понятно;;;;
popov_zhizn;И как они сломались? 	 Видимо Илюша сломал. 	 Понятно. Чуть позже. 	 ;кстати;;;;
popov_zhizn;Выдержав небольшую паузу Фёдор медленно повернулся к Татьяне задумчиво вздохнул и кивнул. Затем он выключил телевизор. 	 Жена, у меня к тебе вопрос. 	 ;какой;;;;
popov_zhizn;Семья - это и есть свобода. Зачем куда то ходить, если можно быть в обществе своей семьи. Это же твои слова. Ты так говорил. 	 ;ясно;;;;
popov_zhizn;Ты так говорил. 	 Ясно. 	 Не понимаю почему ты спрашиваешь? Хочешь загулять? 	 ;нет;;;;
popov_zhizn;Нет. 	 Просто не понимаю, зачем человеку куда то ходить? Если он хочет сделать что либо, то пусть делает это дома. 	 ;понятно;;;;
popov_zhizn;Но ты не один. Хватит говорить ерунды. Лучше иди проверь домашнее задание Ильи. Сделав небольшой вздох Фёдор снова уселся в кресло напротив телевизора. 	 ;эх;;;;
popov_zhizn;Хватит говорить ерунды. Лучше иди проверь домашнее задание Ильи. Сделав небольшой вздох Фёдор снова уселся в кресло напротив телевизора. 	 Эх...;точно выучил;;;;
popov_zhizn;Лучше иди проверь домашнее задание Ильи. Сделав небольшой вздох Фёдор снова уселся в кресло напротив телевизора. 	 Эх...Точно выучил? 	 ;наверное;;;;
popov_zhizn;Так, пап? Я правильно всё говорю? Нигде не ошибся? Почему ты молчишь? 	 ;продолжай;;;;
popov_zhizn;Я правильно всё говорю? Нигде не ошибся? Почему ты молчишь? 	 Продолжай, ;продолжай;;;;
popov_zhizn;забыл. (пауза)И... Недождавшись подсказки от отца, Илья забрал у него книгу. 	..Пойду дальше учить 	 ;кстати;;;;
popov_zhizn;Я имею ввиду он в телефоне записан у тебя, как Фёдор. Кто это? Что это за твой тёска? 	 Ты лазила в моём телефоне? 	 ;нет;;;;
popov_zhizn;Вместо этого он снова включил телевизор и продолжил молча его смотреть. 	 Сколько можно смотреть? Переключи на третий, там сейчас сериал начнётся. 	 ;и что;;;;
popov_zhizn;Что мам? 	 Выучил? 	 Почти. 	 Иди в комнату учи. 	 ;ладно;;;;
popov_zhizn;Что ребенку полотенца жалко? 	 Мои вещи, это мои вещи. 	 И вообще чего ты завёлся из - за какого то полотенца? Раздался плач малыша из детской. ;ну;;;;
popov_zhizn;Мои вещи, это мои вещи. 	 И вообще чего ты завёлся из - за какого то полотенца? Раздался плач малыша из детской. Ну,;вот и;;;;
popov_zhizn;Ну, вот и малыша разбудил. Татьяна пошла успокаивать малыша. В это время Фёдор недовольно вернулся в кресло и продолжил смотреть телевизор. Он переключал каналы пока не наткнулся на новости. 	 ;хех;;;;
popov_zhizn;Фёдор молча смотрел на дисплей телефона. Хотел позвонить Евгению, но не решился. Неожиданно для него сотовый зазвонил и это был Евгений. 	 ;да;;;;
popov_zhizn;Достали эти папарацци на каждом шагу. 	 Ну ты же популярный. Вот за тобой и следят при первой возможности. 	 ;ну;;;;
popov_zhizn;Ну ты же популярный. Вот за тобой и следят при первой возможности. 	 Ну, вообще...;это да;;;;
popov_zhizn;Да ты же прекрасна и нежна. Ты же любого заставишь обернуться. Это я не думал, что ты обратишь на меня внимание, и что мне удастся поговорить и провести с тобой время. 	 ;да;;;;
popov_zhizn;Это я не думал, что ты обратишь на меня внимание, и что мне удастся поговорить и провести с тобой время. 	 Да, что ты...смущаешь меня, ты врёшь. 	 ;нет;;;;
popov_zhizn;Это я не думал, что ты обратишь на меня внимание, и что мне удастся поговорить и провести с тобой время. 	 Да, что ты...смущаешь меня, ты врёшь. 	 Нет, ;нет;;;;
popov_zhizn;В самом деле говорю правду. В тот же раз не получилось ведь завести разговор... 	 В какой раз? (кокетливо хихикает);ты чего;;;;
popov_zhizn;В какой раз? (кокетливо хихикает)Ты чего? 	 Эмм... я имел ввиду... 	 ;и что же;;;;
popov_zhizn;От тебя исходит аура... 	 (смущённо) Да ты ещё и философ. 	 Я такой. (пауза) ;ах;;;;
popov_zhizn;Здесь мы отдыхаем набираемся сил, так сказать. Раздеваемся. Вот например мой шкафчик стоит. 	 И что у тебя там в шкафчике? 	 ;да;;;;
popov_zhizn;Раздеваемся. Вот например мой шкафчик стоит. 	 И что у тебя там в шкафчике? 	 Да...;так;;;;
popov_zhizn;Слушай, а ничего страшного, что ты меня привёл к себе на работу и показываешь, что тут да и как? Это вообще можно? 	 Мне можно всё. Я же всё таки Евгений Панов, ;как никак;;;;
popov_zhizn;Это вообще можно? 	 Мне можно всё. Я же всё таки Евгений Панов, как никак. 	 ;ох;;;;
popov_zhizn;Мне до сих пор не верится. 	 У меня, как раз здесь было припрятано шампанское. Как насчёт того, чтобы отпить его? А затем я проведу тебе экскурсию по моей уютной квартире. 	 ;ну;;;;
popov_zhizn;У меня, как раз здесь было припрятано шампанское. Как насчёт того, чтобы отпить его? А затем я проведу тебе экскурсию по моей уютной квартире. 	 Ну, ;наверное;;;;
popov_zhizn;Да, это очевидно, так. 	 День только начинается, самое интересное будет впереди. Надеюсь я не сильно заставил тебя ждать, пока заканчивал свой эфир? 	 ;да;;;;
popov_zhizn;Да, это очевидно, так. 	 День только начинается, самое интересное будет впереди. Надеюсь я не сильно заставил тебя ждать, пока заканчивал свой эфир? 	 Да, ;нет;;;;
popov_zhizn;Это твоя работа. Евгений и Девушка постепенно переходят к нежным объятиям. В эту минуту в комнату входят Алиса и Смирнов. Евгений резко отходит от Девушки. 	 ;привет;;;;
popov_zhizn;Евгений и Девушка постепенно переходят к нежным объятиям. В эту минуту в комнату входят Алиса и Смирнов. Евгений резко отходит от Девушки. 	 Привет. 	 ;привет;;;;
popov_zhizn;Привет. 	 Привет, Панов. Ты здесь не один, я смотрю? 	 ;здравствуйте;;;;
popov_zhizn;Ты здесь не один, я смотрю? 	 Здравствуйте, господа. 	 (Девушке)А как вас зовут? 	 (перебивая) ;а это;;;;
popov_zhizn;Мы хотели похвалить тебя. У тебя сегодня выдался отличный эфир. Просто превосходный. 	 Снимаю шляпу. ;действительно;;;;
popov_zhizn;Просто превосходный. 	 Снимаю шляпу. Действительно. Ты был хорош. 	 ;ох;;;;
popov_zhizn;Снимаю шляпу. Действительно. Ты был хорош. 	 Ох, ;спасибо большое;;;;
popov_zhizn;Поэтому мы тут подумали, надо будет после работы отметить это. 	 Эмм...Отметить? Евгений оглядывается на девушку. 	 ;ну;;;;
popov_zhizn;Эмм...Отметить? Евгений оглядывается на девушку. 	 Ну,;да почему бы и;;;;
popov_zhizn;Отметить? Евгений оглядывается на девушку. 	 Ну, да почему бы и ;нет;;;;
popov_zhizn;Отметить? Евгений оглядывается на девушку. 	 Ну, да почему бы и нет? 	 ;конечно;;;;
popov_zhizn;Отметить? Евгений оглядывается на девушку. 	 Ну, да почему бы и нет? 	 Конечно, ;конечно можно;;;;
popov_zhizn;Конечно, конечно можно. А лучше давайте сейчас отметим. У меня, здесь было припрятано шампанское. 	 Сейчас не получится. ;ты что;;;;
popov_zhizn;У меня, здесь было припрятано шампанское. 	 Сейчас не получится. Ты что? У меня сейчас эфир. 	 ;ах;;;;
popov_zhizn;Сейчас не получится. Ты что? У меня сейчас эфир. 	 Ах, ;да;;;;
popov_zhizn;Ты что? У меня сейчас эфир. 	 Ах, да. ;точно;;;;
popov_zhizn;Точно. Я и забыл, дружище. Удачного тебе эфира, чтоб он у тебя выдался на все сто процентов. 	 (про себя) ;ух;;;;
popov_zhizn;Удачного тебе эфира, чтоб он у тебя выдался на все сто процентов. 	 (про себя) Ух...Дружище...Ещё и ;спасибо;;;;
popov_zhizn;(про себя) Ух...Дружище...Ещё и спасибо. 	 (девушке);ну и;;;;
popov_zhizn;Замечательно. Сразу видно, что здесь присутствует положительный рабочий дух. Алиса подозрительно оглядывается на Евгения. 	(Девушке) ;да;;;;
popov_zhizn;Да не только об этом. Читала ваши интервью. Как вы работаете в своём кабинете и пишете текст. 	 И это было. 	 ;кстати;;;;
popov_zhizn;И это было. 	 Кстати, может покажете мне свой кабинет. Как я уже говорила, глазами видеть лучше, чем на фотографиях. 	;ну а почему бы и;;;;
popov_zhizn;И это было. 	 Кстати, может покажете мне свой кабинет. Как я уже говорила, глазами видеть лучше, чем на фотографиях. 	 Ну а почему бы и ;нет;;;;
popov_zhizn;Кстати, может покажете мне свой кабинет. Как я уже говорила, глазами видеть лучше, чем на фотографиях. 	 Ну а почему бы и нет? 	 ;отлично;;;;
popov_zhizn;(Панову)Я сейчас вернусь. Девушка плавно ладонью касается руки Евгения, что заставляет Алису удивится. После она уходит вместе с Алисой из комнаты. 	 (Смирнову);ты что;;;;
popov_zhizn;Девушка плавно ладонью касается руки Евгения, что заставляет Алису удивится. После она уходит вместе с Алисой из комнаты. 	 (Смирнову)Ты что - то говорил мне? 	 ;да;;;;
popov_zhizn;(Смирнову)Ты что - то говорил мне? 	 Да...Хотел сказать, то что было бы хорошо если бы это было так. 	 ;что именно;;;;
popov_zhizn;Ты знаешь...а может быть не знаешь. Я ведь всегда хотел быть таким, как ты. 	 ;неужели;;;;
popov_zhizn;Я ведь всегда хотел быть таким, как ты. 	 Неужели? 	 Помнишь, тот день, когда я пришёл сюда. Когда я получил работу? 	 ;мм;;;;
popov_zhizn;Ужас. Что, же за люди такие. (Смирнову) Ты же, как раз об этом будешь сейчас вещать? 	 ;да;;;;
popov_zhizn;Что, же за люди такие. (Смирнову) Ты же, как раз об этом будешь сейчас вещать? 	 Да. Её по многим каналам транслировать будут. 	 ;что;;;;
popov_zhizn;Да. Её по многим каналам транслировать будут. 	 Что? Насмерть? 	 ;да;;;;
popov_zhizn;Время поджимает. Ещё увидимся. Смирнов покидает комнату. 	 (Панову) ;ну;;;;
popov_zhizn;Ещё увидимся. Смирнов покидает комнату. 	 (Панову) Ну, ;так что;;;;
popov_zhizn;(Панову) Ну, так что? Будем отмечать успех новостей? Евгений молчит и не реагирует на реплику. 	 ;ну так;;;;
popov_zhizn;Будем отмечать успех новостей? Евгений молчит и не реагирует на реплику. 	 Ну так, ты ответь да или ;нет;;;;
popov_zhizn;А потом сами решим, куда и где. 	 Мне нужно сделать звонок. Евгений резко встаёт с дивана достаёт мобильник, мечется по комнате из стороны в сторону и звонит Фёдору. 	 Молчание знак согласия? ;это хорошо;;;;
popov_zhizn;Это хорошо. Пойду допишу свой текст. И буду готова. После своей реплики Алиса выходит из комнаты. 	 ;алло;;;;
popov_zhizn;Пойду допишу свой текст. И буду готова. После своей реплики Алиса выходит из комнаты. 	 Алло, ;алло;;;;
popov_zhizn;Ты куда - то собираешься? А что насчёт продолжения? (кокетливо)День только начинается, да? 	 Можно вопрос? 	 ;тебе;;;;
popov_zhizn;А что насчёт продолжения? (кокетливо)День только начинается, да? 	 Можно вопрос? 	 Тебе, ;конечно же можно;;;;
popov_zhizn;(кокетливо)День только начинается, да? 	 Можно вопрос? 	 Тебе, конечно же можно. 	 У тебя есть дети? 	 ;нет;;;;
popov_zhizn;Тебе, конечно же можно. 	 У тебя есть дети? 	 Нет. 	 А хотелось бы? 	 ;ну;;;;
popov_zhizn;У тебя есть дети? 	 Нет. 	 А хотелось бы? 	 Ну, ;наверное;;;;
popov_zhizn;А хотелось бы? 	 Ну, наверное,  у каждой девушки настает момент, когда она в скором времени начинает хотеть детей. 	 А сейчас? 	 (с ухмылкой) ;зачем;;;;
popov_zhizn;Ну, наверное,  у каждой девушки настает момент, когда она в скором времени начинает хотеть детей. 	 А сейчас? 	 (с ухмылкой) Зачем? ;нет;;;;
popov_zhizn;Я буду матерью. 	 И как ты считаешь ты справишься с должностью матери? 	 А что там справляться то? Пусть дети делают, ;то что хотят;;;;
popov_zhizn;И плыви по этому течению. 	 Нужно нести ответственность не только за себя, но и за ребенка тоже. Потому, что может случиться всё, что угодно. 	 ;ты о чём;;;;
popov_zhizn;Обещанные мной капсулы для модифицированного оружия. Соответственно с самим оружием. Их должен был доставить наш курьер. Он оказался безмозглым. 	 (;себе;;;;
popov_zhizn;Соответственно с самим оружием. Их должен был доставить наш курьер. Он оказался безмозглым. 	 (себе);так;;;;
popov_zhizn;(пауза)У вас я смотрю всё под контролем, да профессор? 	 Минутку...Я сосредоточен. Мой Ай Кью понижается если меня отвлекают. 	 ;правильно;;;;
popov_zhizn;Минутку...Я сосредоточен. Мой Ай Кью понижается если меня отвлекают. 	 Правильно. ;верно мыслите;;;;
popov_zhizn;Это время давно прошло. И я рад этому. Правительство компании нацелена на результат. 	 Готово. 	 ;отлично;;;;
popov_zhizn;Вы главный, вам лучше знать. 	 Вид завораживает. Надеюсь на деле это не хуже прошлых образцов? 	 Лучше. 	 ;отлично;;;;
popov_zhizn;И завтра можете заправлять . Эх...каково открытие, да? 	 (тяжело вздыхая) ;да;;;;
popov_zhizn;каково открытие, да? 	 (тяжело вздыхая) Да. 	 Не просто да. А вот это, ;да;;;;
popov_zhizn;Если делаешь действительно...(пауза) полезное дело, то от это будет вырабатываться ещё больше эндорфинов*. 	 К сожалению, я вынужден покинуть вас. ;так;;;;
popov_zhizn;Профессор резко оборачивается. 	 Кто там? Из соседней комнаты выходит робот и подходит к профессору. На роботе был накинут красный женский шарф. 	 ;а;;;;
popov_zhizn;Марцев впускает их нажав на кнопку. В руках у Фёдора несколько банок пива. 	 ;здравствуйте;;;;
popov_zhizn;Я же вам по телефону сказал, не приходите сегодня. У мя же есть своя работа и своя жизнь, в которой вы не принимаете участие. 	 Ты прав. У нас есть свои жизни. ;и вот;;;;
popov_zhizn;Вы же сами сказали, что не будете спешить. Не будете возвращаться. 	 А ты говорил, что починишь свою машину. Ты её починил? 	 ;да починил;;;;
popov_zhizn;Я же говорил об этом. У меня ещё много дел.  	 Профессор, поймите у нас срочная ситуация. 	 Не у одних вас, ;проблемы;;;;
popov_zhizn;Марцев нервно закрывает крышку. 	 Её нужно настраивать это займёт время. 	 Только не говори, что неделю. Не буди во мне зверя. 	 ;нет;;;;
popov_zhizn;Не буди во мне зверя. 	 Нет. Не неделя. Несколько минут. 	 ;это хорошо;;;;
popov_zhizn;Нет. Не неделя. Несколько минут. 	 Это хорошо. 	 ;ну тогда;;;;
popov_zhizn;Евгений смотря за ним, повторяет тоже самое. 	 Тяжёлый день. 	 Соглашусь с тобой. 	 Как тебе жизнь звезды? 	 ;хорошо;;;;
popov_zhizn;Тяжёлый день. 	 Соглашусь с тобой. 	 Как тебе жизнь звезды? 	 Хорошо...;так;;;;
popov_zhizn;что будет после твоей смерти? 	 Как понять, ;что;;;;
popov_zhizn;Как понять, что? 	 ;ну;;;;
popov_zhizn;Ты же стал звездой. Что он тебе сказал? 	 Он умер от сердечного приступа, прямо за день, ;до того;;;;
popov_zhizn;Ты же стал звездой. Что он тебе сказал? 	 Он умер от сердечного приступа, прямо за день, до того, как меня на канале повысили. 	 Получается, ;что;;;;
popov_zhizn;Сразу видно, что профессор производит работу над недочётами. (выдерживает паузу) И вообще, почему я должен подыгрывать этому концерту? Почему должен притворяться, что верну вас в тела? Я же не могу! 	 ;что;;;;
popov_zhizn;Вы его понимаете?  	 Что же вы сразу нам не сказали об этом? Вы же уговорили нас на эксперимент. 	 Боишься значит? 	 ;представьте себе;;;;
popov_zhizn;У них есть такие агенты, которые делают всё чисто, что никто даже ничего не узнает. Да, вот даже. Их обычный курьер на машине сегодня сбил маленькую девочку, а всё потому, что опаздывал. 	 Это был их курьер? 	 ;хм;;;;
popov_zhizn;Хм. Никто ничего не узнает, говоришь? Они тебя убьют, если узнают, что ты нас посвятил в это? 	 ;конечно;;;;
popov_zhizn;Раньше хоть пыталась. А после - нет. Когда я сформировался, как уникальнейший учёный, я и не заметил, что она собрала все свои вещи и ушла от меня. 	 И где она сейчас? 	 ;я не знаю;;;;
popov_zhizn;Не смог понять так называемое женское сердце. (пауза) Я даже создал машину времени. Чтобы попытаться её вернуть.  	 Машину времени? 	 ;да;;;;
popov_zhizn;(пауза) Я даже создал машину времени. Чтобы попытаться её вернуть.  	 Машину времени? 	 Да. ;именно;;;;
popov_zhizn;Увидела, что наука открывает небывалые возможности. Поэтому, я просто создал её. (указывает на робота) 	 Серьёзно? 	 ;да;;;;
popov_zhizn;Увидела, что наука открывает небывалые возможности. Поэтому, я просто создал её. (указывает на робота) 	 Серьёзно? 	 Да, ;ладно;;;;
popov_zhizn;Это она? Ой...я имел ввиду, она так выглядела? 	 ;да;;;;
popov_zhizn;В двадцать пять лет. 	 Невероятно. А я и говорил, что она сильно похожа на человека. 	 ;фу;;;;
popov_zhizn;Открывайте глаза. Фёдор и Евгений открывают свои глаза. И начинают себя нащупывать и осматривать. 	 Это я! 	 ;наконец-то;;;;
popov_zhizn;Не верится! Я снова смогу вернуться к своей семье. 	 Вы вернулись? 	 (с радостью);да;;;;
popov_zhizn;Робот снимает шлемы и освобождает мужчин. Евгений и Фёдор пребывают в прекрасном чувстве осязания своего тела и смотрятся в зеркала. Марцев внимательно смотрит на испытывающих радость мужчин и получает небольшое ощущение удовлетворения. 	 Превосходно. ;спасибо;;;;
popov_zhizn;Евгений и Фёдор пребывают в прекрасном чувстве осязания своего тела и смотрятся в зеркала. Марцев внимательно смотрит на испытывающих радость мужчин и получает небольшое ощущение удовлетворения. 	 Превосходно. Спасибо. ;спасибо;;;;
popov_zhizn;Меня не за что благодарить. Из-за меня и случился весь этот казус. (роботу) Всё таки приятно, делать действительно полезные людям вещи. 	 Теперь у меня будет время произвести небольшую работу над своими ошибками. 	 ;так же;;;;
popov_zhizn;Из-за меня и случился весь этот казус. (роботу) Всё таки приятно, делать действительно полезные людям вещи. 	 Теперь у меня будет время произвести небольшую работу над своими ошибками. 	 Так же,;как и;;;;
popov_zhizn;Это сопровождается его азартными вздохами. Рядом с ним лежит учебник. Фёдор вытирает свои руки полотенцем и отдаёт Татьяне. Та вешает полотенце на место. 	 ;всё;;;;
popov_zhizn;Всё, Танюш. Проверь. Татьяна уходит в комнату малыша. И оттуда доносится её голос. 	 ;всё хорошо;;;;
popov_zhizn;Я сразу их смазал. Зачем откладывать на потом. Фёдор подходит к Илье и смотрит на него. 	 ;ну;;;;
popov_zhizn;Я сразу их смазал. Зачем откладывать на потом. Фёдор подходит к Илье и смотрит на него. 	 Ну...;ну;;;;
popov_zhizn;Зачем откладывать на потом. Фёдор подходит к Илье и смотрит на него. 	 Ну...ну...;давай;;;;
popov_zhizn;Ну...ну...Давай, давай, давай. 	 (резко вскрикивает) ;да;;;;
popov_zhizn;ну...Давай, давай, давай. 	 (резко вскрикивает) Да! 	 ;молодец;;;;
popov_zhizn;Молодец! Победил! Отбей! Илья даёт пять отцу. 	 ;отлично;;;;
popov_zhizn;А ты пройди, вот тут. Обойди колодец. Скорее всего там. 	 Блин. ;точно;;;;
popov_zhizn;Папочка, любит тебя. И мамочка. (Татьяне)Да, мамочка? Ты же любишь этого крохотного мужчинку. 	 ;да;;;;
popov_zhizn;Ты же любишь этого крохотного мужчинку. 	 Да.  	 (малышу)Ты уже третий мужчина в нашем доме. ;да;;;;
popov_zhizn;такую фразу. Никак не могу вспомнить где. Человеку там мало нужно для счастья, и так много чтобы это понять. 	 Я тоже где-то это слышала. 	 ;и откуда это;;;;
popov_zhizn;И откуда это? 	 Я тоже не помню. А это ты к чему? 	 Постой. ;погодите-ка;;;;
popov_zhizn;Вот, что значит компетентный, опытный, умный коллега, господа. Мало того, что она прекрасный представитель слабого пола, так и ещё одно удовольствие просто работать вместе с такими людьми. 	 Ты меня смущаешь, Евгений. 	 Всегда приятно говорить правду.;вот и;;;;
popov_zhizn;Мало того, что она прекрасный представитель слабого пола, так и ещё одно удовольствие просто работать вместе с такими людьми. 	 Ты меня смущаешь, Евгений. 	 Всегда приятно говорить правду. Вот и ;всё;;;;
popov_zhizn;Пользуясь своим авторитетом. Спешу сообщить ещё одну важную новость...(операторам) Ребята запускайте. Голос Шефа. ;что;;;;
popov_zhizn;Буквально через несколько минут вы получите интервью с учёным, который непосредственно занимался экспериментами над Фарфадом. И именно в его руках находились необычайные камни. Камни, которые могут творить чудеса как во благо, так и обратную сторону. ;так;;;;
